,Cycle,Preset_1,Temperature,Pressure,VibrationX,VibrationY,VibrationZ,Frequency
0,-1.0,1.0,-0.6675127389664564,-0.526291402344095,-0.6247343652628343,-0.4031723053080032,-0.5506336194353773,-0.5382752578757024
1,-0.9974968710888612,0.0,-0.5367763217251417,-0.3599263513058786,-0.4876139492610655,-0.2299510779752767,-0.4111973500196153,-0.3569909716485188
2,-0.9949937421777224,0.0,-0.3930368867178364,-0.1469668461242758,-0.3058094270789889,-0.03879262357566994,-0.2458672644947546,-0.11791734074169502
3,-0.9899874843554444,0.0,-0.7010103480714538,-0.4822459258478533,-0.6593353454653512,-0.4443948104966612,-0.6989889557085798,-0.3107478491140977
4,-0.9874843554443056,-1.0,-0.5562711477291227,-0.34647676593932397,-0.5363043793009326,-0.25273636735865834,-0.5557521536740616,-0.14217918717529487
5,-0.9849812265331666,-1.0,-0.4016339591221272,-0.14573942002869167,-0.3484632094115049,0.08571857268099548,-0.3642124372542485,0.0972421601934399
6,-0.9824780976220276,-1.0,-0.3966976049810368,0.3576319295028545,-0.06055879238014316,0.3180515964326571,-0.3737536565260424,0.08326711626905525
7,-0.9799749687108888,1.0,-0.4051962967093853,0.08283471966233802,-0.3520770820388083,0.6278562034170663,-0.09101998946431644,0.08825119756663136
8,-0.9774718397997498,-1.0,-0.6802615314360917,-0.5189345596036351,-0.4542839222242454,-0.5698696422623449,-0.5651451131969389,-0.5712328518576693
9,-0.9749687108886108,0.0,-0.5470782939358108,-0.34601668331085145,-0.3372987946957111,-0.3914983311345004,-0.4281668988834295,-0.35722692125401745
10,-0.972465581977472,0.0,-0.38013872594084397,-0.13365669165791005,-0.1561569062354582,-0.1973921970338629,-0.20480669250199168,-0.1536677971733884
11,-0.9674593241551942,1.0,-0.6534939944257516,-0.7075315540233398,-0.7253505094652513,-0.9146665572577146,-0.9742930600336142,-0.5335958818608693
12,-0.9624530663329164,1.0,-0.5494458883387019,-0.5720997057238318,-0.6016106210831168,-0.1374722784753888,-0.42985624876189743,-0.2414246132461695
13,-0.9574468085106383,0.0,-0.6687471135000471,-0.7602992041440172,-0.5815095717007949,-0.8299950833962103,-0.9465066684522548,-0.6681742236894144
14,-0.9549436795994994,1.0,-0.5009222794237148,-0.06258782945643704,-0.6868015293877379,-0.6295339315661941,-0.4390664336217196,-0.18186835074502736
15,-0.9524405506883604,0.0,-0.5006467526141058,0.5765185521032152,-0.6766089903387513,-0.9533090166863772,-0.4250943282018352,0.6273350965544897
16,-0.9449311639549438,1.0,-0.3708730325076143,-0.17856513023081044,-0.3625369913857783,-0.338273682519866,-0.5376734685214876,0.11755818441029665
17,-0.9424280350438048,0.0,-0.3600107112212211,-0.1754040026792143,-0.3291112772122986,0.3531922042381648,-0.4066857668954688,0.34791403151772204
18,-0.9399249061326659,-1.0,-0.7805534138653456,-0.4255949609457015,-0.7287624520298372,-0.8423653423304729,-0.857586194623419,-0.21062751910158628
19,-0.937421777221527,0.0,-0.585050209365516,-0.1833674093338542,-0.4923118935319606,-0.5636851554694081,-0.5187413400828235,0.07613318081027165
20,-0.9349186483103878,0.0,-0.7046259678671034,-0.4015071210558615,-0.7772405130485488,-0.7573860076190941,-0.8976477943623847,-0.2462712119455113
21,-0.9274092615769712,0.0,-0.5526775792304588,-0.1172186782837149,-0.4144837336122932,-0.4032067578578219,-0.4380440376330576,-0.11260727617454105
22,-0.9148936170212768,0.0,-0.585816598336444,-0.5491606822463783,-0.5574853950974069,-0.6794648344365121,-0.8038935262098454,-0.5867536578587665
23,-0.9123904881101378,0.0,-0.4607564344970018,-0.3666888539952058,-0.4444424431354177,-0.5140367502174144,-0.6671745875305699,-0.40729027921865546
24,-0.9098873591989988,0.0,-0.3071178357544424,-0.047817496216515536,-0.24900253998927546,-0.2901662892065883,-0.3895270850698103,-0.1855616121238868
25,-0.9073842302878601,0.0,-0.6578231421168136,-0.4096299165196857,-0.6872115385204554,-0.6787530845014358,-0.814986762744299,-0.4764555230697349
26,-0.904881101376721,-1.0,-0.531523492596462,-0.2707401133944042,-0.5288305133751067,-0.4981623470170131,-0.652522654170135,-0.2900623679068083
27,-0.902377972465582,0.0,-0.3750700975796637,0.04351442682401352,-0.3561943228632972,-0.17638790954179018,-0.4796895571369687,-0.07428492291301347
28,-0.8998748435544431,-1.0,-0.4573930759680385,-0.543176057900687,-0.6022024031746839,-0.4489135499743335,-0.5888675069788748,-0.6552304799061993
29,-0.8973717146433042,-1.0,-0.2644162078533824,-0.2767351424652993,-0.3914763752717948,-0.08369577872822798,-0.33984982934026475,-0.33324327952684263
30,-0.8948685857321653,-1.0,-0.7232361296236991,-0.5949651717415361,-0.6726878818147048,-0.5597923290676291,-0.5560299832217195,-0.3169069680764317
31,-0.8923654568210264,-1.0,-0.4362439375088583,-0.23979911003943555,-0.3848958590175772,-0.20601499830424108,-0.24298327455253896,0.09038496208740776
32,-0.8898623279098874,1.0,-0.0989869956966718,-0.5539884985500954,-0.8618239386305926,-0.6224364359578887,-0.9347962769395808,-0.8120911428780706
33,-0.8873591989987485,1.0,0.08143704190573109,-0.2904434676310096,-0.630297922407888,-0.1807208655506306,-0.7013256647975517,-0.5301629594835257
34,-0.8848560700876096,-1.0,-0.7091010991001301,-0.564536464303071,-0.7366268730587064,-0.7677091495795334,-0.8155578219452639,-0.4240324063592139
35,-0.8823529411764707,0.0,-0.4244046912189142,-0.19165586006572144,-0.4048581830507191,-0.3939913430078921,-0.47754664158277504,0.0036129876469266353
36,-0.8798498122653318,0.0,-0.6590052199822705,-0.4977870457796805,-0.5595493177312008,-0.2992171983629756,-0.5646004862233378,-0.7068297926672722
37,-0.8773466833541929,0.0,-0.5426568981378581,-0.3277382066138089,-0.43088089708278055,-0.19281431224178314,-0.4813129017751684,-0.5878473230417404
38,-0.8723404255319149,0.0,-0.7419626827657195,-0.27585597147047913,-0.5455881788842825,-0.59910502049952,-0.6677243267481193,-0.7670779893310685
39,-0.8673341677096371,0.0,-0.5466128542639196,-0.43191653076745495,-0.5888355746412761,-0.6608614689949379,-0.6674761522411501,-0.534727634474056
40,-0.8623279098873593,-1.0,-0.9429406479682206,-0.4366048763906153,-0.8302251598053197,-0.7352606148485348,-0.7622804127183,0.04539852724266846
41,-0.8598247809762204,0.0,-0.7445737086379598,-0.1729029315465168,-0.6083027112937653,-0.5728198343561755,-0.5197865618090218,0.3348319439869525
42,-0.8573216520650815,-1.0,-0.7088525739853375,-0.5443690744289346,-0.7172364998237017,-0.6651286736626212,-0.8139247713798294,0.008824367708253789
43,-0.8548185231539425,1.0,-0.5104642454227749,-0.3008787247034562,-0.5041718792890945,-0.4074946487962127,-0.5575647511883401,0.2829219461647856
44,-0.8498122653316647,-1.0,-0.3960561778513997,-0.1433176426961268,-0.3509348299234183,-0.08724468396014308,-0.4204391992645877,-0.07473706495092912
45,-0.8473091364205257,1.0,-0.7118845836289812,-0.17807459070740894,-0.7355454824178029,-0.7209616968031791,-0.7518574837300878,-0.2377657006906713
46,-0.8448060075093868,0.0,-0.5146755607537773,0.08784741357322612,-0.4863965286621736,-0.4575801430969303,-0.5229644387170141,0.034917597994226
47,-0.8423028785982479,-1.0,-0.5858886074191565,-0.2991582547681835,-0.6389700082775946,-0.35168519195952497,-0.6954867934047863,-0.36477807553594777
48,-0.839799749687109,1.0,-0.3037064005631136,0.15399840866255587,-0.3130913117349593,-0.022917637522971827,-0.4322409235540259,0.05178189772769981
49,-0.8347934918648311,-1.0,-0.5069579767782644,-0.3463572010973792,-0.4699731540561327,-0.5630327085804426,-0.6945652110053098,-0.02766466994586847
50,-0.8322903629536922,-1.0,-0.2917599594217541,-0.016177971439311545,-0.20502017903988728,-0.34766461512680324,-0.332729763240423,-0.2538509404119167
51,-0.8297872340425533,-1.0,-0.8180942871891396,-0.8146629654970617,-0.8949509247334717,0.035959009546546516,-0.6643598597448396,-0.024679000627159768
52,-0.8272841051314144,0.0,-0.6952054345505282,-0.6613017491876129,-0.7682416222083512,0.20031626489495305,-0.5111886062265945,0.15231437815945958
53,-0.8247809762202755,0.0,-0.5898331440629301,-0.4930041416190427,-0.6400178906557301,0.35996299353419303,-0.2766452091737366,0.3314252371087512
54,-0.8222778473091366,-1.0,-0.5887870126890202,-0.507876310202498,-0.4583346212996257,0.8106716701511272,-0.2824685008133342,0.6814301765200999
55,-0.8147684605757197,1.0,-0.3095368115911916,0.3539997419973506,-0.3425106489355065,-0.3983248769346307,-0.3637711072625187,-0.4265608319872751
56,-0.8097622027534419,0.0,-0.5001343259008573,-0.0761308439852737,-0.6042617601837359,-0.20009424720594948,-0.7563957892839273,-0.4241664597593694
57,-0.8047559449311641,-1.0,-0.6927313302908668,-0.6282002717242765,-0.7376335629216554,-0.5676868492276272,-0.2294619068917231,-0.2321888237260136
58,-0.8022528160200251,1.0,-0.40463216538899904,-0.30417151445458823,-0.4594865542816878,-0.24630024671721784,-0.04138697055691232,0.07910483267508894
59,-0.7972465581977473,0.0,-0.5890155083612427,-0.011699094144822064,-0.032531685346560035,-0.6224210119566959,-0.7682734222576509,-0.6254617998445817
60,-0.7947434292866083,-1.0,-0.3797235125369388,0.2554755120260419,0.11290414014359372,-0.5199383827006416,-0.5725130794593232,-0.5547950392590644
61,-0.7922403003754694,0.0,-0.6237088761465892,-0.13218483024961925,-0.5531893979748441,-0.403127509458128,-0.5646470118396176,0.006458344044518283
62,-0.7897371714643305,-1.0,-0.5041035558783115,0.02005975459673604,-0.42066884359132,-0.2492865099124998,-0.4380853231097018,0.1506182842149657
63,-0.7872340425531916,0.0,-0.3065742078973197,-0.32630614982440403,-0.4497628770388377,-0.678871176033689,-0.7961456911978397,-0.9098354342132328
64,-0.7847309136420526,1.0,-0.2724520734539614,-0.2361607433271556,-0.07861413065329814,-0.015362166707421519,-0.418557639307088,-0.7065993555515153
65,-0.7822277847309137,1.0,-0.25546299489290114,-0.23235610074521,0.5512874545725561,0.30304746078247824,-0.4161010823054341,-0.7024646809446712
66,-0.7797246558197748,-1.0,-0.8165089810974878,-0.6623739430226641,-0.4223135337650844,-0.07016899752948813,-0.6645288992390286,-0.5396910408764467
67,-0.7772215269086359,1.0,-0.6215495719334455,-0.3835449103686511,-0.2034836728196937,0.20762865666161567,-0.525212637579569,-0.2728862400007221
68,-0.7722152690863581,0.0,-0.7181787949673979,-0.1275182784684985,-0.6303907598512725,-0.7255171518969705,-0.8459604587903939,-0.18423620098337146
69,-0.7672090112640801,1.0,-0.4950003615491359,-0.5795923591240744,-0.535273542072129,-0.6252349949104827,-0.5150713832608169,-0.5215613787382952
70,-0.7622027534418023,-1.0,-0.3902505475360851,-0.18657884559499927,-0.5843153324893626,-0.6698287291482399,-0.7028455616221309,-0.7733058445878216
71,-0.7596996245306634,1.0,-0.1980961451652632,0.08856358869215164,-0.3809151486181407,-0.4127823776386885,-0.23827735229418145,-0.4984323944107012
72,-0.7571964956195245,1.0,-0.7923198267941606,-0.3298281118630277,-0.14959057695235856,-0.6263521938849543,-0.9548395794398086,-0.5878986011658281
73,-0.7546933667083856,-1.0,-0.631213905324287,-0.009178435790662355,0.5265668909889161,-0.18198505196565795,-0.7551374825000561,-0.2388321661357703
74,-0.7496871088861077,-1.0,-0.6564939757965751,-0.4848564799286688,-0.6365074536956148,0.12161537498448728,-0.6559811357644039,0.039620157773285314
75,-0.7471839799749689,1.0,-0.5257966094647937,-0.3339233750945053,-0.4938878319595626,0.28228036461100503,-0.4725020405798975,0.21355010773189664
76,-0.7446808510638299,-1.0,-0.5464268815078099,-0.3468745712348382,-0.32468279433403835,0.7434436449549708,-0.2934985960915808,0.4483525781950533
77,-0.7421777221526908,-1.0,-0.7368953714777358,-0.5503180886788412,0.3589895061684678,-0.7824103108398004,-0.7666946393989589,-0.2396062602870929
78,-0.7396745932415519,0.0,-0.5387992863737266,-0.5175166265987189,-0.6357904705609656,-0.6359549573647754,-0.33965010576305765,-0.5746468619385597
79,-0.7371714643304129,1.0,-0.3392203480840137,-0.2600169189194217,-0.405359255410656,-0.2989554362512066,-0.09760711338338757,-0.2819390127587229
80,-0.7346683354192742,1.0,-0.7906117676416664,0.08739397308072161,-0.2389787083225541,-0.8483748722532283,-0.9513468843161274,-0.4511281303920549
81,-0.7296620775969963,1.0,-0.7020695776652021,-0.7044503970423699,-0.5962979492667848,-0.5153224595646794,-0.6398388294392632,0.10801690018597188
82,-0.7246558197747185,-1.0,-0.55657394991633,-0.6121064660267468,-0.3349147692195318,-0.459628792343622,-0.7546255122391365,-0.6060384836755297
83,-0.7221526908635796,1.0,-0.2522720868698477,-0.029582807441320025,-0.2902812506015622,0.2557279031346751,-0.5694141711537976,-0.4043726779261533
84,-0.7196495619524406,-1.0,-0.6041313557979093,-0.4924310420283111,-0.19258035501895576,-0.65484153345403,-0.7087117489530774,-0.6593279851503971
85,-0.7171464330413018,1.0,-0.5489956268442886,-0.17582847641676969,-0.06042309347126663,-0.5717501209964042,-0.4209573844249962,-0.5346988799068898
86,-0.7146433041301627,0.0,-0.6269073752374059,0.2694641346846762,-0.5571340144103061,-0.7272174252994905,-0.1504598495734104,-0.04852971451906663
87,-0.707133917396746,0.0,-0.7010747240129318,-0.321020214642302,-0.20175508460641867,-0.4603138111810318,-0.7301796435289394,-0.6452522418725912
88,-0.7046307884856071,0.0,-0.5010085521196658,-0.0793291952557853,0.026863595252583528,-0.1818260379190884,-0.5228211988804454,-0.32903728070025984
89,-0.7021276595744681,0.0,-0.38478352184966347,-0.13561237706335427,-0.19224268187948745,-0.7890611411452471,-0.8921231079518619,-0.7667675541775378
90,-0.6996245306633293,0.0,-0.17043351158089892,0.35303569042470784,0.02081858495002553,-0.6346653736890733,-0.7459302247354066,-0.6036113096081049
91,-0.6971214017521903,-1.0,0.9495093314235674,-1.0,-0.982253490072939,-0.7254871899783967,-0.17839558660958355,-0.4822975827617281
92,-0.6946182728410514,0.0,-0.4960001567032704,-0.4308781139633268,-0.02201970102956574,-0.02356936447517177,-0.8083704424665792,-0.3677549377232554
93,-0.6871088861076347,-1.0,-0.7776936600161686,-0.6072788381647031,-0.4395365376051035,-0.352672499807983,-0.9232678136328945,-0.3661073474641205
94,-0.6821026282853568,0.0,-0.6550699848501861,-0.3127689334648692,-0.5214328047273787,-0.7314536988942261,-0.6974166300887212,-0.33425221149342843
95,-0.6795994993742178,0.0,-0.3983632242078031,-0.05143578951503769,-0.4691280224204263,-0.39056492270998777,-0.4280496635332332,-0.26029282367124584
96,-0.6770963704630789,1.0,-0.7780917169725619,-0.5553394767760509,-0.5469717804766032,-0.3412396323175695,-0.6578685436019475,-0.06441301128148946
97,-0.67459324155194,-1.0,-0.5399449728162624,-0.2376870573459013,-0.3014684330161306,-0.026802418349124446,-0.3735592788491505,0.2617207857755999
98,-0.6720901126408011,0.0,-0.6940617164172596,-0.5381743072404392,-0.4788427667572722,-0.011012543191946332,-0.05138210323712712,-0.011334154056159118
99,-0.6695869837296622,-1.0,-0.4588832438494714,0.1319240710996259,-0.3429508521760356,-0.5038958361314846,-0.4226229646145042,0.1609163336920123
100,-0.6670838548185232,-1.0,-0.5004032856899221,-0.4986944003837097,-0.7267842702608234,0.15467919497313054,-0.30380518463799444,0.02700786656915044
101,-0.6645807259073844,-1.0,-0.4982766396730319,-0.1523643540540528,-0.5417743890698414,-0.09184644557524367,-0.37450534592047935,0.15354197626429267
102,-0.6620775969962454,-1.0,-0.4990982541465426,-0.017348936795378966,-0.5322980279377412,-0.016590462880191392,-0.3698717726655851,0.02155471159436196
103,-0.6595744680851064,-1.0,-0.5120759676645021,0.30036039597090713,-0.13135793416360564,-0.5172038201112396,-0.5158960311823031,-0.07279901889995799
104,-0.6570713391739675,0.0,-0.5060206477271323,0.6238660134671636,0.009181170028937702,-0.3989847966260672,-0.3235355497533182,0.18352107931541028
105,-0.6545682102628286,0.0,-0.4172862305928604,0.04066270781250991,-0.19201129126220284,-0.6514145968807852,-0.5288401128726703,0.211664175507516
106,-0.6520650813516897,-1.0,-0.8502991085077801,-0.9254180185950428,-0.5409414944820781,-0.9510705406117754,-0.9996185552005926,-0.14595142713833242
107,-0.6495619524405507,0.0,-0.27371305519720435,0.30620422552484405,-0.3376592953193556,-0.4592448878816974,-0.2417572593525056,-0.11530105390539826
108,-0.6470588235294119,1.0,-0.25888471358239085,0.6160964516538638,-0.07279197335879117,-0.3481299300311041,0.04987030736986098,-0.12917134437259625
109,-0.6445556946182729,1.0,0.023545384471711728,-0.12982059292090686,-0.3349271747354943,-0.1821013952771826,-0.2820891979114948,-0.3570939615441242
110,-0.642052565707134,1.0,-0.6450325820937461,-0.5072684944007713,-0.6095075072798117,-0.595454225840467,-0.7189433548744322,-0.4998521953563971
111,-0.6395494367959951,0.0,-0.6047374898587903,-0.4652402417554676,-0.6021926274995253,-0.6248426611937973,-0.5940047504808003,-0.40809827036764745
112,-0.6370463078848562,-1.0,0.0033911348288000465,-0.33957530594698115,-0.5010455995573455,0.08759104898931724,-0.2912614256369908,-0.32911829075751586
113,-0.6345431789737173,1.0,-0.5039962732243815,-0.3403282273462324,-0.4936739253649932,0.09681187288054294,-0.28562107869614217,0.4418887759764649
114,-0.6320400500625782,1.0,-0.5080742942508288,0.3507331884088003,-0.5093326428009003,-0.09299128215479402,-0.1321253967565008,-0.3031975269875268
115,-0.6295369211514394,1.0,-0.4937421485624634,-0.3918815363580046,-0.4233291115138814,-0.17482336145028665,-0.4643084384746482,-0.5867706692166987
116,-0.6270337922403004,1.0,-0.7352564785937201,-0.6258754988641493,-0.1587800019561565,-0.12888336259564734,-0.6585117527104901,-0.6504491586507855
117,-0.6245306633291615,0.0,-0.4643373437618517,-0.3803107288877153,0.050171075661327835,0.1311609612926814,-0.524143623512246,-0.4359446000547833
118,-0.6220275344180226,1.0,-0.7774161682646541,-0.17413595769446155,-0.2344887092979817,-0.5147735731649951,-0.7498446472016354,-0.42033306874468224
119,-0.6195244055068837,0.0,-0.5552926083159144,0.1956820981122196,-0.10395147058785892,-0.4240424808397212,-0.5035949675898851,-0.13557110621914847
120,-0.6170212765957448,0.0,-0.3870621714584629,0.08985778638283047,-0.4487622508976431,-0.4615247431225614,-0.4769288074376778,0.436285525476994
121,-0.6145181476846058,1.0,-0.38864926594453,0.4117315255788272,-0.2749235927443165,-0.3453310335803158,-0.28071854751720193,0.6582139541912939
122,-0.612015018773467,0.0,0.2421820324935806,0.14512237961251118,-0.4599352953091342,-0.4013585525813048,-0.1372707282410761,-0.7233158739726581
123,-0.6095118898623281,1.0,-0.293101002310149,-0.1221581067572175,-0.1538496369826008,-0.0706810424837272,0.0009676286456490324,-0.0789573302240999
124,-0.6070087609511889,0.0,-0.3150261753013692,-0.09121062041886883,-0.2837981710735797,0.2386551430876093,-0.3394946930306644,0.10355096502459717
125,-0.6045056320400501,1.0,-0.316188598633658,0.02670783609615679,-0.24883160465226084,0.2519764415434367,-0.38235155150910827,-0.03473647065592566
126,-0.6020025031289112,-1.0,-0.6941280021837266,-0.3545807616659817,-0.6349565060576201,-0.5759282312226471,-0.7058639671486149,-0.4782613121569008
127,-0.5994993742177723,-1.0,-0.5465661860677296,-0.13897432853135214,-0.4642942499905588,-0.3500289296390201,-0.5162779628384373,-0.2603632898997144
128,-0.5969962453066333,0.0,-0.2867405258376736,0.4132975186247991,-0.21124485011470429,-0.040008485962854,-0.2306887551888961,-0.12318938773606505
129,-0.5919899874843555,-1.0,-0.1826554140425919,1.0000000000000002,-0.13286844057766145,0.5786058365539335,-0.23655415677645064,0.4402722662693812
130,-0.5894868585732166,-1.0,-0.18596988127016234,0.5571921944311693,-0.4182751768017322,0.9999999999999998,-0.05402899323511834,0.5787530368925553
131,-0.5869837296620777,-1.0,-0.21345479290970887,0.03233209069607934,-0.16321307486328696,-0.026136652049427056,-0.2451139167114305,0.12144805729299367
132,-0.5844806007509388,1.0,-0.6797863487642783,-0.5070316219347134,-0.4587549924279101,-0.5857013374070168,-0.5834884510897674,-0.5362872132085832
133,-0.5819774718397999,-1.0,-0.5400981430298851,-0.3744428497741717,-0.3330409053914488,-0.4335359330335462,-0.4088229422343089,-0.3734346492390084
134,-0.5794743429286608,-1.0,-0.3848629844495017,-0.1560638612741847,-0.14251818691653495,-0.2124112365615548,-0.2368173528699264,-0.12521531700842206
135,-0.5769712140175219,-1.0,-0.7105162839158212,-0.4736631720954447,-0.6562491433818227,-0.450869603965724,-0.6977528346899157,-0.2873249422053637
136,-0.5744680851063829,-1.0,-0.5543255581012105,-0.3571197837153087,-0.529342541635774,-0.23892164680586025,-0.5716567778284872,-0.12250889346369942
137,-0.5694618272841052,-1.0,-0.615129741729783,-0.34389935070760114,-0.4843929815799338,-0.6198444892894153,-0.7218621554117628,-0.5635508419534896
138,-0.5669586983729663,0.0,-0.5082420445511194,-0.1817711876859709,-0.3428052477945349,-0.4503326352635937,-0.5813473311415326,-0.3993883521511429
139,-0.5644555694618274,-1.0,-0.3499290380761845,0.0932751817710844,-0.1688778930035365,-0.2492937017303426,-0.3816859850303854,-0.1494408613174173
140,-0.5619524405506884,-1.0,-0.7567321324417063,-0.5599218041735889,-0.7207853191682558,-0.7397877466608471,-0.754110264153734,-0.8113522857763956
141,-0.5594493116395496,1.0,-0.3495158737138455,-0.22517018738194616,-0.4763418699720333,-0.6104201688385605,-0.6685818634405171,-0.012380532329202998
142,-0.5569461827284106,0.0,-0.5375081705755206,-0.7274924250222141,-0.7601920792804285,-0.7090764816267261,-0.6506750624139871,-0.4910186800929255
143,-0.5544430538172717,1.0,-0.2249303054811317,-0.5044077720465491,-0.5900537483840196,-0.2839775815285549,-0.2848313771410391,-0.2420784083824251
144,-0.5519399249061328,1.0,-0.7021086227090226,-0.8073419901593691,-0.7673070500541991,-0.6749046157843891,-0.4371176480569817,-0.4147468250400974
145,-0.5494367959949938,-1.0,-0.5891441263252672,-0.6523836264127381,-0.5851819384065011,-0.4962344253266336,-0.13369538622959642,-0.06818818750174327
146,-0.5469336670838549,0.0,-0.6872818330178867,-0.3899052720178083,-0.6738472337937004,-0.677405177519605,-0.8184189920619684,-0.7056940847024487
147,-0.5419274092615771,0.0,-0.35849697581030016,-0.07734192159721043,-0.3236539775816517,-0.3532370170559197,-0.422022096047055,0.4372255901946985
148,-0.5394242803504381,1.0,-0.4238815910677164,-0.6095643317880639,-0.6982282650923575,-0.4853426942176478,-0.6455429449011072,-0.26870296149399564
149,-0.5344180225281603,0.0,-0.8345579417320976,-0.6119590051714714,-0.8995483110630245,-0.7367828339681937,-0.8502142421922154,-0.3665637242567257
150,-0.5319148936170214,0.0,-0.6155491885737551,-0.7845664368711777,-0.7839838570259174,-0.6181831627959822,-0.6498454076339015,-0.8878510448655776
151,-0.5294117647058825,0.0,-0.306420740764505,-0.7036708291334943,-0.8854173175014849,-0.6800424555292562,-1.0,-0.8750504046904621
152,-0.5269086357947435,0.0,-0.7356343228498322,-0.8291686871147703,-0.4567040266605397,-0.6693600755343907,-0.5620445825546699,-0.8350710383056819
153,-0.5244055068836047,0.0,-0.5876948459984165,-0.5998544935581229,-0.30238343918376176,-0.2354228457231159,-0.1753107046112683,-0.5934737014427136
154,-0.5219023779724656,1.0,-0.6957750569356964,-0.509759625293366,-0.6295897205864429,-0.3469136306725453,-0.7680659974927699,-0.2402656910006485
155,-0.5193992490613267,1.0,-0.508202999486627,-0.2311855277952569,-0.4165272957346858,-0.08440734257346927,-0.5241125482508565,0.0455451214646474
156,-0.5168961201501878,0.0,-0.5704836566894163,-0.6033605697275907,-0.6824921595556447,-0.4175159264317416,-0.7481228484497928,-0.6326613286676543
157,-0.5143929912390489,-1.0,-0.4613625927279954,-0.4418042134533513,-0.5556318742306101,-0.2406716831211441,-0.6054151651343187,-0.5249312834251644
158,-0.51188986232791,0.0,-0.29410244220388226,-0.2275935452657043,-0.29244849146463114,0.1477513573615208,-0.336077344310758,-0.4212117307108441
159,-0.5068836045056322,1.0,-0.4182520288376499,-0.1932577702809487,-0.20021933740065345,-0.12831830596941018,-0.22323795931692025,-0.4939570956234362
160,-0.5043804755944932,-1.0,-0.4623709596906424,-0.7940732197462597,-0.5821770672229556,-0.9133479475877048,-0.7117623807521322,-0.5885906535739114
161,-0.4968710888610765,1.0,-0.3113155249087269,-0.2396380244018992,-0.3825606991187032,-0.12357251262781087,-0.2376867171708599,-0.25356829823111515
162,-0.4943679599499376,0.0,-0.7330151876526061,-0.6588844693366342,-0.6713903631949865,-0.7434034652241468,-0.6463829929050335,-0.4569640186595689
163,-0.4918648310387986,1.0,-0.5843299960118405,-0.545092570858593,-0.6030204734729077,-0.6127819811632897,-0.5661738115019903,-0.12210814601779575
164,-0.4893617021276596,0.0,-0.4131911671802799,-0.4515903854734826,-0.4366271607760529,-0.5025719518232095,-0.27176129900995194,0.2072368384808352
165,-0.4868585732165207,1.0,-0.5843481497620959,-0.28767036820436953,-0.5565877521299611,-0.6973952830772538,-0.6587159216244355,-0.069977694736158
166,-0.4843554443053818,1.0,-0.7807803439988141,-0.6884091128882419,-0.7640257784041595,-0.7805270867787943,-0.9000021826436415,-0.7033333603018492
167,-0.4818523153942429,-1.0,-0.4207176994793352,-0.2254895338188251,-0.5644886856133007,0.039025847619645226,-0.3762756556960368,-0.7202072253811276
168,-0.479349186483104,1.0,-0.4989530569174323,-0.3219623791991357,-0.626351235783724,-0.2974869310924681,-0.7668439857538148,0.027768025216153847
169,-0.4768460575719651,1.0,-0.5854786475447822,-0.5525768439253361,-0.6358453392671854,-0.8378762470574641,-0.947461673089752,-0.8727382001493345
170,-0.4743429286608262,-1.0,-0.2749868248947056,-0.13542495055723913,-0.2977457717059605,-0.40114405416377663,-0.56007870044009,-0.665757208085145
171,-0.4668335419274093,-1.0,-0.5359503779514241,-0.13140904151291133,-0.6653598514551207,-0.1847053113555822,-0.7750898011769617,0.01341126314207286
172,-0.4643304130162704,0.0,-0.25810893527698464,-0.2218813690829713,-0.3301927753297861,-0.018579095815878244,-0.13288700232022732,-0.7170004875101745
173,-0.4618272841051315,-1.0,-0.5384925213820408,-0.3932990855267713,-0.5107783543210918,-0.185342799192082,-0.3641950290595817,-0.05939159995652533
174,-0.4593241551939926,1.0,-0.6346568943855315,-0.25209624512056106,-0.6131914573496811,-0.3241064229579768,-0.7353905890921117,-0.5044753342605511
175,-0.4543178973717147,0.0,-0.46360216302784396,-0.18545474921101726,-0.4632857155796062,-0.1248061720570175,-0.5795362316875488,-0.05433535410152957
176,-0.4493116395494369,1.0,-0.424150637957178,-0.07328020313991823,0.20122702131448267,-0.451586669840934,-0.6088977440753609,-0.5756800746413935
177,-0.44680851063829796,-1.0,-0.2463893044729011,-0.28900409640147284,-0.4203847318585589,-0.3967824114527729,-0.5794913806175839,-0.5354639186351062
178,-0.4443053817271591,0.0,-0.5136184251952405,-0.20141381866592856,-0.11797936949238275,-0.7281728367976762,-0.5694628440434109,-0.06418541170688064
179,-0.44180225281602015,0.0,-0.425574624591806,-0.12662389505128646,0.7489114000244412,-0.5067031467086348,-0.5660294921833136,-0.7020998842748959
180,-0.4342928660826033,1.0,-0.3012797969308117,0.2628334426289201,-0.37980169681027787,-0.4528153025714434,-0.6017443922214701,-0.5323853734312248
181,-0.4317897371714644,0.0,-0.5033524353128291,-0.023521845579714373,-0.3787270458754792,-0.5305262795745311,-0.6604913803115064,-0.07595109647737486
182,-0.4292866082603255,1.0,-0.4644214361143458,0.3596257985979916,-0.15021788517096524,-0.4980358991152768,-0.41330393359339546,-0.2938508160120711
183,-0.4267834793491866,1.0,-0.4646992503753145,0.5632711239579721,0.19515993136865428,-0.40737248239375,-0.2394464986943469,-0.1849111279254575
184,-0.4242803504380477,-1.0,-0.8550858882523362,-0.924956827222404,1.0,-0.9871833588354196,1.0,-0.9994452439511092
185,-0.4217772215269087,-1.0,-0.3814000988134865,0.3065432969914705,-0.37200080821808895,-0.6647646846453481,-0.29374432945395723,-0.06461367760831904
186,-0.41927409261576976,0.0,-0.3843851663766264,0.9507892598181265,-0.012381099128119244,-0.6709852468822037,-0.18349396040035915,-0.18696704875733472
187,-0.4167709637046309,-1.0,-0.5752484470739023,-0.014981235817388859,-0.5374672006338819,-0.7271820663535644,-0.4731844753906656,0.2787348837049153
188,-0.41426783479349205,0.0,-0.5346211905058503,-0.17237984046500765,-0.6039214269816147,-0.5735739547523105,-0.695544123800152,-0.5770980246136211
189,-0.411764705882353,-1.0,-0.3159407014030966,0.3324865040386682,-0.3589546307674367,-0.2918098183930319,-0.4703234230502852,-0.4043613821356796
190,-0.4067584480600752,0.0,-0.6182517670719314,-0.5136205306349361,0.022666751892824744,-0.2368299649501721,-0.43048321762766495,-0.6936876590059715
191,-0.4042553191489362,-1.0,-0.6257555177017637,-0.4987233183261274,-0.6776066327447339,-0.7654192508232689,-0.9017266429670135,-0.4703233466538317
192,-0.4017521902377973,-1.0,-0.2400547606760605,0.036767367069242766,-0.3298511889793553,-0.4555684525759871,-0.6138037492164581,-0.4777399652305314
193,-0.3992490613266584,1.0,-0.5846504657968494,-0.4377932738742477,-0.3067260165643009,-0.4021780577839147,-0.3735438617975878,-0.6801295678234638
194,-0.3967459324155195,1.0,-0.7411142329629483,-0.3321161519559903,-0.7157634959497052,-0.3790509210789021,-0.8637944021884298,-0.3094113634944603
195,-0.39424280350438057,0.0,-0.4125740639674185,0.06478408155353144,-0.39122159670396506,0.010153939684078628,-0.4613172643241011,-0.5386340975279589
196,-0.3917396745932417,-1.0,-0.670768131005949,-0.4380700658366031,-0.637540102191979,-0.4065590182949187,-0.7606972657875479,-0.1897395386825433
197,-0.3867334167709637,0.0,-0.5001303087432969,-0.17206991258480953,0.20247648350511693,-0.6714653378057176,-0.5153968872647484,-0.2328635191903245
198,-0.3842302878598248,0.0,-0.6594390322828863,-0.4093269395050985,-0.7672036544687735,-0.2598413694632059,-0.7141131334630635,-0.2926558348385906
199,-0.3817271589486859,0.0,-0.4220016382140612,-0.06006216355659921,-0.6030379709831202,0.08913182730242908,-0.4362368233519649,0.04077859172706977
200,-0.3792240300375471,1.0,-0.4300789472928589,-0.06375986535978906,-0.2447810307785625,0.42234311014800063,-0.3124780175626581,0.2740153934930114
201,-0.3767209011264081,-1.0,-0.4230610780535319,-0.016893567621071748,-0.20620376962099665,-0.07715867779281904,-0.2800332182857436,-0.05736125541994175
202,-0.3742177722152692,-1.0,-0.3053839031211809,-0.3901681600848839,-0.48937101129151295,-0.6806776786426172,-0.8167937231083351,-0.5871391071001991
203,-0.3717146433041303,-1.0,-0.31122621211307433,0.2569313062727363,0.035544874555183625,-0.4472357141035425,-0.606415433243812,-0.4866421573344114
204,-0.3692115143929913,0.0,-0.3441740372498451,-0.1815582730826505,-0.2377340422593378,0.026526677682678024,-0.27273423332503605,-0.35659374401937105
205,-0.3667083854818524,-1.0,-0.4438187568408043,-0.0207732419185438,-0.4761369624603953,-0.1839554437939378,-0.5452073025244629,-0.043444993417899536
206,-0.36170212765957455,0.0,-0.7507860413344074,-0.6787213824807468,-0.7353884046217368,-0.7092115572078366,-0.8599731857579096,-0.6486669218148258
207,-0.35919899874843564,-1.0,-0.610113525353188,-0.004217735103630105,-0.19093501919275768,-0.7444686766268429,-0.12641102139732507,-0.20452988279718987
208,-0.35669586983729673,1.0,-0.6637882479392879,-0.7200028728245145,-0.9214502798820758,-0.18199301371548532,-0.5747953836661681,-0.3205178442444105
209,-0.3516896120150188,1.0,-0.6488571250239193,-0.21624898328957248,-0.7056251028290554,-0.3546722651471208,-0.6480191598082211,-0.0836534881914417
210,-0.3491864831038799,-1.0,-0.2784460086822077,-0.1773386549408542,-0.10172099243233004,-0.6780303263969041,-0.5144036928116222,0.09989489669865237
211,-0.346683354192741,-1.0,1.0,-0.9359298470797236,-0.9469040209844456,-0.2942575108407943,0.08980083487620316,-0.4079949776118236
212,-0.3441802252816021,-1.0,-0.3041426822305411,-0.1113967638923714,-0.3649936947242847,0.15833458141137546,-0.2331954724403548,0.25961782317777793
213,-0.3416770963704632,-1.0,-0.10705324961149254,0.18756118645326425,-0.28095966407257544,-0.11806167368908772,-0.4844159116313526,0.0926807098737703
214,-0.3391739674593243,1.0,-0.219802380414445,-0.2301197164412585,-0.02197598127751444,-0.1231646991941694,-0.0920341741805928,-0.06264469660379501
215,-0.33667083854818536,0.0,-0.6302935096092331,-0.3345818382951269,-0.5956008604282554,-0.6035001436977261,-0.7047981411194744,-0.5807310090558107
216,-0.33166458072590743,1.0,-0.21633924982032016,0.3940891987318815,-0.05387484200617222,-0.06624003166598724,-0.2570627525006409,-0.3421944901909064
217,-0.3291614518147685,-1.0,-0.2315920655713055,0.7195347265906353,0.29683318607933873,-0.05061202063353632,-0.03475394389797959,-0.23663920986771725
218,-0.3266583229036296,1.0,-0.17655577849966075,-0.08134978299663254,0.10937493222720283,-0.12261462519033685,0.2682739076644061,0.23080317479485224
219,-0.3241551939924907,0.0,-0.17560596874833426,0.35040971642350605,-0.2339548133012328,0.06811323210757657,0.2770292320189114,-0.009575845108696912
220,-0.3216520650813518,-1.0,-0.21975503665521454,0.02983809475998345,-0.15132350620238166,-0.008629375986753507,-0.22460884928320868,0.11021310993132304
221,-0.3191489361702129,1.0,-0.7082223755543331,-0.5620331381088952,-0.7304881809463535,-0.39425069447134,-0.6503544178481664,-0.2253946165474505
222,-0.3116395494367961,0.0,-0.46447541846667895,0.16537382869098294,-0.3728839910829056,0.4782576422809213,-0.3733535037960553,0.6328008738636868
223,-0.30913642052565715,0.0,-0.654849386784261,-0.3991667962267519,-0.6857227618126928,-0.3475006886862397,-0.7071400914712387,-0.5309978544468688
224,-0.3041301627033793,-1.0,-0.3826902585899367,0.24225365650210584,-0.41928709149378,0.10755998408666813,-0.5173276201777391,-0.11279305345572133
225,-0.30162703379224043,-1.0,-0.3849976228788992,0.6834401605482661,-0.32445764959592915,0.2906395632933274,-0.4489940034834611,0.10242836794076536
226,-0.2941176470588236,-1.0,-0.22513546907141369,0.13495130791100296,-0.2330136258847264,-0.20553047159981602,-0.3107316434499285,-0.3709491460479919
227,-0.2916145181476847,1.0,-0.24397360456406736,0.5880376767715183,-0.0607414169564251,-0.08306095108725864,-0.14989038880098038,-0.2467481630986216
228,-0.2891113892365458,-1.0,-0.7472690422993054,-0.4674231445664036,-0.7152298144829354,-0.7912138933013843,-0.8922550453741165,-0.658982431271667
229,-0.2866082603254069,1.0,-0.4745774882075116,-0.06764342209176487,-0.42486425058919786,-0.4626801120829683,-0.6206875808818848,-0.2648374729403613
230,-0.284105131414268,1.0,-0.7216848410920202,-0.7323389070774591,-0.6758487786697751,-0.7777667451753421,-0.7891259664746602,-0.3720389968713771
231,-0.2816020025031289,1.0,-0.4142017681073621,-0.2796543199309341,-0.5061546856431873,-0.5737768793870501,-0.5914515473855483,0.09443476257141792
232,-0.27909887359199004,-1.0,-0.6649147581053702,-0.5613596310295641,-0.7175961425980667,-0.9045654759657602,-0.8992212980105126,-0.8182517200326505
233,-0.2740926157697122,1.0,-0.5345986344707312,-0.2977136702385409,-0.5884057192484446,-0.020498928203749992,-0.7017888103360295,-0.3066583177017561
234,-0.2690863579474344,1.0,-0.5500464369513025,-0.4952516261596244,-0.4089812854780431,-0.5607433364465223,-0.32027769749378565,-0.3018815736428979
235,-0.2665832290362955,-1.0,-0.6987875587724511,-0.7164487449792416,-0.7526112785797113,-0.6763383053156116,-0.6937625684158801,-0.6961802192084565
236,-0.2640801001251565,0.0,-0.5343425113145045,-0.5076067219907958,-0.5819733519202253,-0.4749909754488075,-0.5204818918829794,-0.5043547609640304
237,-0.2615769712140176,-1.0,-0.40323345599879457,-0.2822686538484782,-0.4333833007123423,-0.1313940859285796,-0.22381380341281687,-0.2408024236245317
238,-0.2590738423028787,0.0,-0.6939881551286138,-0.6092922663111425,-0.5801502962628236,-0.7862025976969182,-0.8959390400722206,-0.6879709262098586
239,-0.25657071339173976,1.0,-0.4669337837757079,-0.2986277016767559,-0.6703265289053506,-0.4354601102346923,-0.7853072655168556,-0.3473275725836245
240,-0.25156445556946194,-1.0,-0.6926939652521377,-0.4429953452026222,-0.7777138440861845,-0.7790857463575389,-0.8848841984983697,-0.0850511175444858
241,-0.2490613266583229,0.0,-0.5470421403108436,-0.12825360741138647,-0.5157953477330812,-0.5777429614133477,-0.7016141990523225,0.3891562002067557
242,-0.2440550688360451,0.0,-0.5251568484252532,-0.4930716040940313,-0.15193469615535693,-0.17321157236410506,-0.5033964205133242,-0.2908128903748245
243,-0.2415519399249062,-1.0,-0.8025894921117935,-0.7626995345732971,-0.8141411875918535,-0.6071962198398557,-0.8598633179117754,-0.5880007014403571
244,-0.2365456821026284,-1.0,-0.4657189616593614,-0.3360733201961693,-0.4615853504150234,0.232939866639307,-0.10945505827896553,-0.12160780564570985
245,-0.2315394242803505,-1.0,-0.7040814633945347,-0.6944559882023646,-0.7403888713425681,-0.5678728560062622,-0.6969216340298313,-0.2994665796617205
246,-0.22903629536921155,0.0,-0.4574003381155641,-0.3941378586966241,-0.492656741176944,-0.2207503511533148,-0.4115360600997472,-0.3586912404376017
247,-0.22403003754693374,-1.0,-0.5365788411761556,0.3484089622621902,-0.3295852333861975,-0.4480779794131297,-0.6162552554205545,-0.24159739907010336
248,-0.22152690863579488,1.0,-0.549228231686048,-0.3921640402190124,-0.5059925981463571,-0.7139818663984885,-0.8425871848657528,-0.6979719136380009
249,-0.216520650813517,1.0,0.16586219462043572,0.6781281463779765,-0.15413719010279647,-0.0726487642969793,-0.5490396667035216,0.10903608741855186
250,-0.214017521902378,1.0,-0.7903746069946409,-0.5682801129468242,-0.23515273287135496,-0.7892937888195655,-0.8952053419201611,-0.6157991959694407
251,-0.20901126408010012,0.0,-1.0,-0.05244576451905869,-0.6386433703948795,-0.7712242423110715,-0.8869236154357175,-0.566778204123499
252,-0.20650813516896127,0.0,-0.5142103985318681,-0.4933002288103346,-0.8406025690973413,-0.5574454065161543,-0.9518125668414212,-0.7320954634508771
253,-0.2040050062578224,-1.0,-0.362932368817632,-0.27158210373710234,-0.6483403396280315,-0.3471918103261,-0.7895021805297461,-0.5167182836574177
254,-0.19899874843554446,1.0,-0.4570280366625698,-0.38099461176256055,-0.7748053004283206,-0.9104732883659312,-0.9037837803434201,-0.764204970760227
255,-0.19399249061326665,-1.0,-0.6175901996806592,-0.8486044409571121,-0.6907940856108572,-0.8854312168225477,-0.8069020025871569,-0.8346954727947344
256,-0.1914893617021277,0.0,-0.7733662096089722,-0.5450070033162066,0.15887372399183408,-0.6371863262715654,-0.32408962087277404,-0.7130240812320892
257,-0.18397997496871105,1.0,-0.6076006407079737,-0.2432899160806863,-0.3829844762709223,-0.3924564394107517,-0.5778324458657677,-0.4514957724121131
258,-0.18147684605757208,-1.0,-0.6284302004890367,-0.11459618606898148,0.09007211460005027,-0.1763094507554137,-0.08880723005688074,-0.8020643824833706
259,-0.17897371714643304,1.0,-0.6212727408117971,-0.1225602426203054,-0.2732489913209189,-0.5116100718568776,-0.6738889108432888,-0.4886737685632446
260,-0.17647058823529416,1.0,-0.622099969668428,0.08409056636966293,0.07975727927901533,-0.5073630456813972,-0.2736474810668795,-0.4655817024993065
261,-0.17396745932415525,-1.0,-0.6254279987896387,-0.3051653399352633,-0.14614280499946064,-0.6768315665915459,-0.7920275321844723,-0.7119179049951057
262,-0.17146433041301634,0.0,-0.558982003696711,-0.06870489445442117,0.20587016076956305,-0.5581114763065395,-0.7135382730371042,-0.6044607528758486
263,-0.16896120150187746,-1.0,-0.4590899679235636,0.13901741153453614,0.550838631121904,-0.4695093784109219,-0.5950919217483994,-0.4657617584609253
264,-0.16645807259073853,1.0,-0.4757633800250497,0.4670715323116224,0.9937646760012496,-0.4546010927595204,-0.4226323380296288,-0.5036702038208924
265,-0.16395494367959962,-1.0,-0.7823028774015784,-0.6249289457893548,-0.5624165063220352,-0.660144857837589,-0.6574973038958958,-0.3668756510063862
266,-0.1614518147684606,0.0,-0.5466453670561009,-0.3930845686165715,-0.3601974321963234,-0.4534316662467061,-0.4856711529340049,-0.10714532528901788
267,-0.15644555694618278,-1.0,-0.7099442659071775,-0.554969616399613,-0.6745923928455633,-0.4096677374456663,-0.8023093500774022,-0.294614223017039
268,-0.15394242803504388,-1.0,-0.4561546601704785,-0.2514613453409139,-0.48747864563162,0.04390103147249992,-0.6145563138078814,0.16283329319142048
269,-0.14893617021276606,0.0,-0.5407227553655133,-0.5146487635586053,-0.6822753122803396,-0.18250627341469894,-0.464456402282508,0.036218685860619486
270,-0.14643304130162715,-1.0,-0.5435633111558706,-0.6059048566426551,-0.5907142140005488,-0.2749261596786141,-0.3662794105717513,0.03821138303793781
271,-0.14392991239048816,0.0,-0.5079662459234118,-0.2562876816899299,-0.539742719850976,-0.5804962599589466,-0.4678700557466239,-0.07037296912843505
272,-0.14142678347934926,-1.0,-0.4978916273453288,-0.5203260540972101,-0.5483160967174304,-0.2780268284968195,-0.4684570263646383,-0.0754423260828857
273,-0.13892365456821032,1.0,-0.6290142603186513,-0.3909238630622851,-0.6399623249552913,-0.010024647748591686,-0.4224677935337021,-0.2931567542303429
274,-0.1364205256570714,-1.0,-0.4625729979825226,-0.5771489995180661,-0.5761937431808102,-0.6327269381196342,-0.6842256174263205,-0.5954641284226104
275,-0.12640801001251567,0.0,-0.4721289713219399,0.4602599615652368,-0.4288084860973192,0.08283774362865115,-0.5637961295755967,0.16097440675540065
276,-0.12140175219023785,-1.0,0.3252433211028549,-0.06156334247779172,-0.6217179908152947,-0.1222102141585989,-0.7463638312766268,-0.3480412780337273
277,-0.11889862327909895,0.0,-0.5404379050661617,-0.3799848460153296,-0.6722934428307871,-0.3946434446942765,-0.7711260364675074,-0.651918127424869
278,-0.11639549436796005,1.0,-0.4781312030811885,0.029232101555068057,-0.4257126295534263,0.030932543575035613,-0.4633499775800278,-0.5884120756895845
279,-0.11389236545682113,-1.0,-0.470398370721679,0.2518224274161727,-0.16434198679987033,0.4683492660099362,-0.1828163644915548,-0.8097998871882799
280,-0.11138923654568222,0.0,-0.4700379725702967,-0.13436208933596427,0.19836156913139927,-0.1852630631785399,-0.4904677133569577,-0.8147107208904565
281,-0.1088861076345432,1.0,-0.556758624880837,-0.7766327590476817,-0.7313385722797088,-0.3355633499476209,-0.4235223008013696,-0.35049166504970863
282,-0.1063829787234043,1.0,-0.3885629302973721,-0.548602252849399,-0.4475902792114478,-0.13965210645633308,-0.13607655813080388,-0.14629279316151764
283,-0.1038798498122654,1.0,-0.5518347767605969,-0.3860307262556374,-0.5011975830344604,-0.4616540503778278,-0.6146517698801299,-0.3754270909947638
284,-0.10137672090112647,1.0,-0.6598233377510374,0.02720600173595611,-0.6430123061034614,-0.6154384656040529,-0.7392705988006103,-0.9354876131521483
285,-0.09887359198998756,-1.0,-0.6328511779809276,-0.2790029723511493,-0.5862828653134331,-0.5627704148541238,-0.7190308869586705,-0.2392551857690084
286,-0.09637046307884868,1.0,-0.39826260211637055,0.04980840337493375,-0.3291533423640658,-0.22052469813397002,-0.4045480043801383,0.11832864511318085
287,-0.09386733416770976,0.0,-0.6287020341561245,-0.11349346623285328,-0.6745034712812533,-0.17708313340242776,-0.7853996015352149,-0.6534122850695665
288,-0.08886107634543182,1.0,-0.6630013086307952,-0.6101679905584012,-0.4941976779868283,-0.6728667922318912,-0.4936784685862136,-0.4950038463929123
289,-0.08635794743429293,0.0,-0.4325211499660361,-0.2810134276938593,-0.25497689078400776,-0.3408135511881277,-0.18209303092337648,-0.12717944232948894
290,-0.08385481852315403,0.0,-0.41788186977272,0.1576372099621104,-0.07116217137824132,0.09632930565463617,-0.18618694371627945,-0.13774791114677576
291,-0.0788485607008762,-1.0,-0.43545660883202864,0.04187542135369071,-0.5175339478777248,-0.012622175329697779,-0.6111611700289784,-0.3138476489350521
292,-0.0763454317897373,0.0,-0.4654103500683408,-0.4452321477932556,-0.466068106091664,-0.07979820048255347,-0.35666369684736743,-0.2508642115905321
293,-0.07133917396745937,-1.0,-0.6303329385960927,-0.51431249894164,-0.6542088071518842,-0.6186483221698054,-0.7902682082285991,-0.376452022696938
294,-0.06633291614518155,1.0,-0.6845289716394272,-0.1855533950562885,-0.45941890054232704,-0.5847990490210045,-0.8555386478867065,-0.6271410809144932
295,-0.06132665832290374,0.0,-0.6979009918187045,-0.6169258924098235,-0.5571751429187422,-0.6711599485136697,-0.5008060687243401,-0.4191848753228815
296,-0.05882352941176482,0.0,-0.5315339737697706,-0.2770600582820507,-0.10597483710738208,-0.3535913883900381,-0.03566602763111272,-0.22128954096777464
297,-0.05632040050062581,1.0,-0.4963787751792218,-0.6066264408130556,-0.365515445376448,-0.4632536202639664,-0.35538631062213505,-0.8058565147701078
298,-0.0538172715894869,0.0,-0.33601551248265715,-0.1776564047717507,-0.19108345920227696,-0.23831553175821296,-0.1959187179420028,-0.5587548288135367
299,-0.051314142678348,-1.0,-0.6646787713770645,-0.02110493076307552,-0.5902486234302322,-0.6826043901587963,-0.6896459811703866,-0.17248269887474632
300,-0.04630788485607018,1.0,-0.8598521188194971,-0.8718724188760381,-0.8554019379077864,-1.0,-0.6520218247132025,-0.13216248361622396
301,-0.04380475594493127,0.0,-0.261874038105144,-0.3967409068919103,-0.3431952274429615,0.00553224635966032,-0.0036718485381568296,-0.11169849605435044
302,-0.041301627033792254,0.0,-0.4737660046807736,-0.2855427492946517,-0.40662290127709855,-0.3349444026723807,-0.5191403661156497,-0.2563660700077939
303,-0.03879849812265335,0.0,-0.5374893793411792,-0.06668163754645506,-0.42736697033213705,-0.4683738429422797,-0.050457247826088736,-0.5827103013916134
304,-0.03629536921151444,1.0,-0.6519250659040899,-0.2442155366947447,-0.7140031570385059,-0.4317074956578665,-0.8780983505907368,-0.5168838728558912
305,-0.03379224030037553,1.0,-0.5198513867926748,0.1843766871250434,-0.4609402722144527,-0.22140186392215366,-0.5802800917835369,-0.3070240108968193
306,-0.031289111389236623,0.0,-0.516541763781903,0.7082936649382634,-0.37308231863567776,-0.11052167610889574,-0.4057716261264563,-0.1864246524133752
307,-0.02878598247809772,1.0,-0.8675245568105775,-0.6068592885194778,-0.2340162815183886,-0.7822579173426791,-0.3376948153241284,-0.7665797014910551
308,-0.026282853566958808,1.0,-0.6971494048621298,-0.2863353601456793,0.12090538497432335,-0.45638086166499703,0.0524356197751028,-0.7601395911468662
309,-0.02377972465581979,0.0,-0.2299774391267144,-0.3050172121712373,-0.3050006004115101,-0.31525446035562965,-0.3582289706902484,-0.4613389875443571
310,-0.021276595744680882,1.0,-0.4873613101805266,-0.5052374480931119,-0.4220790207552618,-0.07440400488442568,-0.413779889953164,-0.30260811075147553
311,-0.018773466833541967,-1.0,-0.5064235081005104,0.3427386720285948,-0.5032753043897509,-0.2942830425445768,-0.6026014014918528,-0.20298842056277425
312,-0.016270337922403066,-1.0,-0.505581367391845,0.5781635158652096,-0.5065649117610933,0.12799730827136768,-0.6087668266286078,0.273639731899153
313,-0.011264080100125251,1.0,-0.6279089409554315,-0.4977657535168077,-0.5913452925090268,-0.5683477567481499,-0.7005784140650293,-0.4750171848630279
314,-0.008760951188986343,-1.0,-0.3870001813456059,-0.17953054607058716,-0.33528271560555245,-0.243188069786448,-0.4159064110923223,-0.11174266365760743
315,-0.006257822277847325,-1.0,-0.3727663326454236,0.26848559650858084,-0.3216550134951984,0.19156445949525347,-0.4159695776820373,0.10733437172935356
316,-0.003754693366708417,-1.0,-0.4547108638501918,-0.6179890225395589,-0.5933960284656785,-0.5341456742172691,-0.7044811173400962,-0.7404343033966136
317,-0.0012515644555695091,1.0,-0.3173383439503015,-0.3996797650756077,-0.4108633463441361,-0.2957664419983793,-0.5160869248920588,-0.5198143720888202
318,0.0012515644555692873,1.0,-0.1403344826948636,-0.17144677652909324,-0.2462233432582479,-0.09119739646466908,-0.341353938119182,-0.2942043807258077
319,0.00876095118898612,-1.0,-0.5663755879767007,-0.12888427933608082,-0.12309192331781806,0.12290603133431555,-0.4740813281864206,-0.4420128479958985
320,0.01126408010012514,-1.0,-0.2362327648889176,-0.0668911410963946,0.10571759292255443,-0.6344141428134182,-0.5611837035396094,-0.4269801294219944
321,0.013767209011263937,1.0,-0.6922999613559555,-0.7248083837468913,-0.5595562473130273,-0.6692017192204622,-0.5527862557384065,0.047140027250866856
322,0.016270337922402955,-1.0,-0.6572904778489868,-0.23511506773991564,-0.4965449691232625,-0.6625656435059846,-0.8810349308339875,-0.4710210687724673
323,0.018773466833541752,-1.0,-0.4972713816010713,-0.01905173503576285,-0.1432039716768011,-0.4445119698251033,-0.7305332053911415,-0.464068406586062
324,0.021276595744680767,0.0,-0.2604396028204562,0.4127149304584243,-0.3258794289731549,0.07908404685017989,-0.4301832260580695,0.12137169459037668
325,0.02377972465581979,1.0,-0.2572608624896271,0.5360762948650455,0.11131439442742108,0.1985265692537861,-0.3309950364848341,0.34958043320038845
326,0.026282853566958586,1.0,-0.6931038629135987,-0.4495931149555424,-0.3114702056231832,-0.7261617650861346,-0.6080558024534174,-0.7064616714362504
327,0.028785982478097605,0.0,-0.5607576457339873,-0.2476000454780304,-0.15828156806397664,-0.5202460981313273,-0.4246148692901799,-0.4712547423183583
328,0.0312891113892364,-1.0,-0.3983312658758156,0.4142763416722042,0.09631258363994877,-0.0916731400100006,-0.3354805988794938,-0.2285998827421559
329,0.03379224030037542,0.0,-0.38162993239890897,0.5241491580063755,0.2966270006392273,0.02858542203696678,-0.15860358398703345,0.2295613813693597
330,0.03629536921151422,1.0,-0.3943422794648516,0.05057579788139655,0.7347173447326125,-0.5594399138865994,-0.2344079170782323,-0.469500680390651
331,0.041301627033792254,-1.0,-0.3825495460617113,-0.25326656945226633,0.2822899111305188,-0.2919261057455588,0.23472317803410106,-0.4871495654644178
332,0.04380475594493105,-1.0,-0.37316673295578,-0.17505214137528025,-0.2499950204598107,0.10045928223095957,0.040524013702345714,0.22424573671132264
333,0.04630788485607007,-1.0,-0.3890097303787768,0.029750529948034725,0.017273291256663992,0.39170207769634,0.2292735342703358,0.21296076125224506
334,0.051314142678347885,0.0,-0.3828667113921845,0.3749672613032649,-0.1618552872957819,0.6424605487328889,-0.0404236333110739,0.2026198206986276
335,0.05381727158948668,1.0,-0.2423928554436907,0.04477435046885536,-0.2436996925758268,0.5145607285970439,0.12252128233469127,-0.028271312949138764
336,0.0563204005006257,-1.0,-0.2259520924810021,0.5434887627946747,-0.2418279665444082,0.8615958714558154,0.30368499380197345,-0.01175435065893904
337,0.058823529411764726,-1.0,-0.2278849294906149,0.5643096633451388,0.2027641785763743,-0.032676665110647374,-0.3126506570757198,-0.021939651398811044
338,0.06132665832290352,-1.0,-0.23021335587304936,0.8890038677613181,0.3629958045680779,0.4964244324725475,-0.3145946625752539,-0.01366101762006977
339,0.06633291614518133,1.0,-0.17434771284160655,0.8863095387379787,-0.1742177053050482,0.8586929355158219,-0.2436504510366649,0.237564112973641
340,0.06883604505632035,1.0,-0.2241967853303765,0.04103430147417364,-0.1623199415107367,-0.02679593403868408,-0.2433850650312711,0.10090982135222704
341,0.07133917396745937,-1.0,-0.6062127214367383,0.551515431388077,-0.5881801118842018,0.5169416143741064,-0.6982090244090826,0.6707779844208939
342,0.07384230287859816,-1.0,-0.6370867417686961,0.8908742802255027,-0.8566249901786529,0.856408625351947,-0.9836122183016546,0.6830178953798185
343,0.07884856070087598,-1.0,-0.6144414800933204,-0.02759793879142692,-0.24584919523332385,-0.09765586955718544,-0.33013519266345903,1.0
344,0.081351689612015,1.0,-0.5727002774715286,-0.32205667939745275,-0.4715029180340658,-0.6072573838742243,-0.6410470309166735,-0.6919825777752722
345,0.0838548185231538,0.0,-0.4217271136604135,-0.08774087313126389,-0.2825932431401046,-0.504683344951286,-0.5785185715673457,-0.6422350492434012
346,0.08635794743429281,0.0,-0.28779278926953256,0.14319006631910547,-0.10640797676617353,-0.2738807725213358,-0.3859280422870789,-0.4241728509398545
347,0.08886107634543182,-1.0,-0.6641598019711761,-0.4070435209438064,-0.6424686834690354,-0.4745240962341944,-0.7696984148159911,-0.36527706551676775
348,0.09386733416770963,1.0,-0.4082026135033082,0.06964726153289824,-0.4152696596061997,0.029669609507653183,-0.5311133139790764,0.1806645176366364
349,0.09637046307884843,0.0,-0.5998517215283281,-0.4747696155292689,-0.5674241795380935,-0.4326386328672805,-0.6461798575665351,-0.5750010457695729
350,0.09887359198998746,0.0,-0.4967816631066537,-0.3403734934666267,-0.4448885422959857,-0.22480670293483307,-0.451716819854827,-0.4671932714110373
351,0.10137672090112626,-1.0,-0.35346576790578443,-0.11496170911142067,-0.26579103540848104,0.09239849693955636,-0.2221260323672959,-0.3663998466954007
352,0.1088861076345431,0.0,-0.337658826295143,0.26300173480148903,-0.4261864455912627,-0.5697241261382987,-0.6099942600840507,0.09417094623174882
353,0.11389236545682092,0.0,-0.4045848566124506,-0.12156675727582167,-0.4966318591469261,-0.534884926734391,-0.5955984912728449,-0.2371626846454643
354,0.11639549436795993,-1.0,-0.7338488837607735,-0.7676396092874573,-0.6620452486324226,-0.8206226847495727,-0.7977515686487076,-0.7640813770921486
355,0.11889862327909873,0.0,-0.4174971145302901,-0.1385249265322197,-0.5844377100113074,-0.5280041145920851,-0.7032706157237506,-0.30985051932139673
356,0.12390488110137675,0.0,-0.5343448634031612,-0.1347124950591141,-0.6061173394186445,-0.4532595680462128,-0.7122385119341941,-0.34827599144229193
357,0.12640801001251556,1.0,-0.38549388822442376,0.2499157553697761,-0.3420743279076047,-0.08569608774086633,-0.4050182718899553,-0.2278794115001873
358,0.12891113892365458,1.0,-0.6994720172496598,-0.7024329505881686,-0.7162678671246016,-0.5816205464222073,-0.5176090648853992,-0.421262056921997
359,0.13141426783479335,-1.0,-0.5275150767423606,-0.28512759159556833,-0.46426154006238496,0.2565612760933804,-0.18322864411059114,-0.01141370126562946
360,0.1339173967459324,1.0,-0.4910040549347355,0.3276223843875403,-0.6799089519235184,-0.7729895043421589,-0.8968776622180281,-0.3874552470214876
361,0.1364205256570712,1.0,-0.2575767178402486,0.7336848322022467,-0.4937847712945992,-0.4090823907107817,-0.7191961044743647,-0.37681064630047545
362,0.14142678347934926,1.0,-0.5356948740462074,-0.4933111521028867,0.4618946334081186,-0.5991873643598806,0.1318230824634936,-0.7133571288889932
363,0.14643304130162704,0.0,-0.5462345880712574,-0.40935562106607104,-0.29413408434645805,-0.2461748422631488,-0.1882130472054624,-0.6342144334916814
364,0.14893617021276584,1.0,-0.5462485908404328,-0.17959359317265766,-0.11733758818268734,-0.4466424000132836,-0.3774587606938542,-0.6354320006334954
365,0.15143929912390486,0.0,-0.5381739772725875,-0.29744352022282794,-0.20102393376807748,-0.3417424473047451,-0.2806302129265553,-0.6467647026846841
366,0.15394242803504365,-1.0,-0.4850063010367998,-0.012125029190743541,-0.6000934293731426,-0.07199816028217199,-0.6840146319187562,-0.2969826586539246
367,0.1589486858573217,0.0,-0.4584758488127655,-0.17683996315982886,-0.13573074572173086,-0.22238691399559696,-0.20705730620107832,-0.5758339165664697
368,0.1614518147684605,0.0,-0.5493565549371542,-0.5358082557904679,-0.4226404630457613,-0.6005173887991876,-0.33036939953524,0.04789257596599139
369,0.1664580725907383,0.0,-0.33313432177089797,0.08260715330931911,-0.5558251478774512,-0.2044890390191001,-0.7096496910057428,0.2658578961513922
370,0.16896120150187732,-1.0,-0.6453641811050156,-0.6505663069938677,-0.6307749885781486,-0.4305757173180469,-0.676806009088942,-0.6394190366897489
371,0.17146433041301612,0.0,-0.4678263041609252,-0.3918575837450011,-0.41461308322889945,-0.17337713854835754,-0.4538714015817785,-0.06653788820506379
372,0.17396745932415514,-1.0,-0.4172056661890475,-0.5407590734279358,-0.6155799713645758,-0.4719595817640079,-0.5793796943362249,-0.6705075134801164
373,0.17897371714643295,1.0,-0.4261368462204683,0.04029554402403845,-0.4641978330318143,-0.4601458052671426,-0.5579426417860196,0.2534947299081629
374,0.181476846057572,1.0,-0.3085603032016613,-0.4948121787051985,-0.7231441531250489,-0.4499070878657231,-0.764026209088924,-0.2355962903048437
375,0.1839799749687108,0.0,0.1624639950799467,-0.1724538581322823,-0.6417676248989719,-0.11400575228290855,-0.6709490476327662,-0.12515281582118876
376,0.1864831038798498,0.0,-0.5792409991539844,-0.3400229052021466,-0.6575119612318348,-0.6253327955173399,-0.6514158556557842,-0.0729526047298803
377,0.18898623279098856,-1.0,-0.512458268242706,-0.2294811298883841,-0.3030726401740954,-0.5220856871551856,-0.2683692868098577,0.16095023038856704
378,0.1914893617021276,0.0,-0.4992729781469324,0.42736279858845294,-0.2151965913562187,-0.528242186708404,-0.27131519257843884,0.4967985014705536
379,0.19399249061326665,0.0,-0.5566650797798666,-0.39048532577321626,-0.4993836817061436,0.03323811831716328,-0.1936161092372337,0.14686351948745324
380,0.19649561952440545,1.0,-0.2308571463287749,0.2983864143337194,-0.5729299022142094,0.027055223875232848,-0.6795011967247894,-0.23399010242909635
381,0.20400500625782225,1.0,-0.6480539431698484,-0.7348509731638658,-0.5965481796647365,-0.4041923301018281,-0.7108274550787461,-0.5280939409667678
382,0.20650813516896105,-1.0,-0.514028977049787,-0.3603639060403966,-0.6157720027351199,-0.6707232665817501,-0.7964536543955005,-0.18328619395646006
383,0.20901126408010007,0.0,-0.20447564167504886,-0.028978932997114407,-0.451151285829057,-0.33271757079050124,-0.597424768527965,-0.09742554716464147
384,0.2115143929912391,-1.0,-0.5486299994054837,-0.7897411100485596,-0.25870023110330104,-0.8551532525687324,-0.3627406403699761,-0.7551355535928215
385,0.2165206508135169,1.0,-0.6174240822292063,-0.19070611973758256,-0.1851340826670396,-0.975875141430237,-0.7523000596012704,-0.9332574759674576
386,0.2190237797246557,1.0,-0.8682518430853842,-0.7787137618909761,-0.6340618638947437,-0.3375104546477894,-0.3416772197505802,-0.3603034312691341
387,0.22152690863579472,-1.0,-0.2159648742815029,-0.9973256734865608,-1.0,-0.9448274177935648,-0.5711662386558267,-0.7089156134997241
388,0.2240300375469335,-1.0,-0.40741219976875376,-0.3431524008910383,-0.6291058253873069,-0.11492182843445432,-0.7671315482621992,-0.015454040171600791
389,0.22903629536921155,-1.0,-0.5652834525813073,-0.29027168640388257,-0.6474411945083558,-0.6800048845336837,-0.7471512294108862,-0.5680224624276786
390,0.23153942428035035,0.0,-0.4792461774507942,-0.06937855712897611,-0.4605362751320746,-0.5652010678836722,-0.6533130048448867,-0.10381214723066168
391,0.23654568210262816,0.0,-0.16113258960672994,0.7949895148276898,-0.01265946906030968,0.21739949444011847,-0.28919541751369915,0.015161725153221894
392,0.2390488110137672,0.0,0.03729980323562977,-0.1436305505479374,-0.6877693577064501,-0.6906421465261183,-0.3890359272419521,-1.0
393,0.241551939924906,1.0,-0.7110362933380058,-0.2672909883195064,-0.6649876973584619,-0.7287615974959678,-0.7792551481243334,-0.3575326122188499
394,0.244055068836045,1.0,-0.455068228282459,0.14373376760305656,-0.4028438183814286,0.1614074837484636,-0.5083617011521624,-0.007024856786770339
395,0.246558197747184,-1.0,-0.4427823732922155,0.520801313902874,-0.262572185095459,0.43300911422648,-0.5273908457066779,0.2548492068415911
396,0.2490613266583228,0.0,-0.4817291077191277,-0.2698291735506875,-0.3370100487946007,-0.6738815872233948,-0.7772198922730562,-0.6771305826415446
397,0.25156445556946183,0.0,-0.1699966920782774,0.18256167631569054,0.010387222256198923,-0.3831422851006089,-0.5046185192263293,-0.5032470671466621
398,0.25406758448060063,-1.0,-0.6950528835516506,-0.4921302047703838,-0.2264236319615516,-0.7828379477678098,-0.6550321809015742,-0.2996112726671545
399,0.25657071339173965,1.0,-0.4624630666125093,-0.07035545650074637,-0.061169775694437926,-0.4658289283344577,-0.4709767648447756,0.039517285113766176
400,0.25907384230287844,-1.0,-0.6310197293759898,-0.3764794578316792,-0.6855007338082657,-0.4397300997253344,-0.7898120960156294,-0.4767902725716318
401,0.26157697121401746,-1.0,-0.38048195976481336,0.10959610773318196,-0.4575712989242103,-0.1807137634789493,-0.5658161722687894,-0.07672596975660162
402,0.2640801001251565,0.0,-0.4287626173741782,0.036169040719867374,-0.4117530090562922,-0.11507339704451125,-0.5247612058725886,-0.52520193884569
403,0.2665832290362953,0.0,-0.6452144308150229,-0.524090941877469,-0.5373663664443585,-0.5755221183584507,-0.5866829986795153,-0.2831408460906508
404,0.2690863579474343,1.0,-0.4920055379966242,-0.2901373383000966,-0.3609891918363621,-0.3526632875341488,-0.3812893892311351,-0.01933608435562495
405,0.2715894868585731,0.0,-0.6603960823798439,-0.8415536066890612,-0.5979490291744565,-0.4656211555292033,-0.04488507429310662,-0.5036892202383318
406,0.2740926157697121,-1.0,-0.5644312753327733,-0.39069080851702703,-0.6007460127673769,-0.4458582103318005,-0.6196975984827402,-0.5957413952364093
407,0.2765957446808509,-1.0,-0.29846572687471395,-0.0669207948648991,-0.36760713087385344,-0.11254225086919024,-0.3694351202363987,-0.3696959528797914
408,0.2790988735919899,1.0,-0.31282021818882033,0.3903476871988265,-0.11565108610132925,0.3417666562664463,-0.19358728858467167,-0.6994301620990131
409,0.2841051314142677,0.0,-0.4659705081231342,-0.298030552896124,-0.03191242310049813,0.3014286635038974,-0.3417935759640689,-0.3605119219114537
410,0.2866082603254068,-1.0,-0.16626083164166816,-0.12483966623364195,-0.2085961795915348,-0.23035265312144584,-0.3088256324993135,-0.4949294298595526
411,0.2891113892365456,1.0,-0.11859147920905355,0.4681792060081389,0.12079644461622265,-0.4958330714478446,-0.6538975947647763,-0.5831601136720503
412,0.2916145181476846,0.0,-0.21441236594295046,0.03119678662109493,0.06013769148979752,0.09607515193062,-0.7039000489658684,-0.4803913035678249
413,0.2941176470588234,-1.0,-0.4293946479350888,0.280155123429614,-0.4376304742522367,-0.07029012725589312,-0.3860746790984442,0.030536925393730208
414,0.2966207759699624,0.0,-0.4372055846743909,-0.023334946906848897,-0.4546759044703136,0.2450622938559264,-0.2734812136001893,-0.10004801895570704
415,0.306633291614518,-1.0,-0.5031930490441291,-0.4085765356205917,-0.05984538437808429,0.3170693579705208,-0.2843475099062939,-0.2884180159041526
416,0.30913642052565704,1.0,-0.42889950950176414,-0.013205842196934992,0.06595736993307401,-0.6217527449503948,-0.4711628202380823,0.046407816488671434
417,0.31163954943679584,1.0,-0.14239195464296084,0.3599861281707015,-0.3302139634385324,-0.3433947300436057,-0.6009664055407066,-0.12925676976935765
418,0.3191489361702127,1.0,-0.4693716068307363,0.7202828314964738,-0.18253424888970848,-0.4163954965436321,-0.09840165866615558,0.21980618290550824
419,0.3216520650813517,0.0,-0.5308416282070916,-0.4517499704038255,0.24818996493058365,-0.27799566876137993,0.24058149016313826,-0.6057967173458411
420,0.3241551939924905,0.0,-0.6644956701265683,0.035935069877187864,0.1612969777776685,-0.3809350597866776,0.10353955599580457,-0.5124941832353771
421,0.3266583229036295,-1.0,-0.4611781647706832,-0.17484915393728084,-0.4107924029161539,-0.2616387153304789,-0.523421640475119,0.20014666329447195
422,0.3291614518147683,-1.0,-0.6307779200058883,-0.4907761957162909,-0.3683557096237352,-0.07312407532858356,-0.4591266293803703,-0.011977810536095923
423,0.3316645807259073,-1.0,-0.6221921467836651,-0.34187890029096457,-0.0921452316837258,0.031592887059103125,-0.17095995300271216,-0.052878468521869726
424,0.33416770963704634,0.0,-0.6160501893569768,-0.3351806221277732,-0.0937992518152666,0.0447148245563167,-0.17538252677541522,-0.0699580756807624
425,0.33667083854818514,1.0,-0.6245304778967945,-0.3453621846118844,-0.07923661597763076,0.037259119510548944,-0.1617710710141047,-0.06257319235502545
426,0.3391739674593241,0.0,-0.6070907902594774,-0.3545418901793155,-0.08330032936939337,0.02723407926435417,-0.1798532030189719,-0.04419034828792734
427,0.3416770963704629,0.0,-0.6136244356671365,-0.3407892488118942,-0.08435593014848364,0.044433227783746254,-0.19497930670749786,-0.07152887298682575
428,0.34418022528160197,1.0,-0.4262542329154091,-0.2493123385767565,0.11196213241268692,-0.2878379270772047,0.042647102642381585,0.06002526001470487
429,0.3466833541927408,0.0,-0.3823005468073317,0.1067589223203631,-0.09413653838612757,0.033815831887863856,-0.1826989360921195,-0.13208705353097494
430,0.3491864831038798,-1.0,-0.4268409508011473,0.2945467823943693,-0.4034062410462311,0.2460513030131368,-0.5108228539133776,0.27710983314610904
431,0.3516896120150188,0.0,-0.2235037275027245,0.2562250950217464,0.02226501563508787,0.5303093570013904,-0.2488828163254149,-0.014806969741058218
432,0.3541927409261576,0.0,-0.3012491587308094,0.27033996478491673,-0.14794979980061784,0.531918146047706,-0.03972126211013105,0.11942695404289895
433,0.3566958698372966,0.0,-0.29889783788210234,-0.0702808206907456,-0.0968414198870795,0.3152166001547543,-0.19145721376174674,-0.18829773165992536
434,0.3591989987484354,1.0,-0.14813258313192734,0.6787418889226251,-0.05754829904320646,-0.2475426041632413,-0.13616780993518685,0.09572575050415487
435,0.3617021276595744,0.0,0.17380758206079916,0.04609935000620435,0.02195264488527604,-0.013063823334482416,-0.03418739033667095,-0.013338949309275485
436,0.3642052565707132,0.0,0.1719201522561371,0.2493470408299588,-0.16602420889803016,0.19524907613551729,-0.23851122556752635,-0.016515581460130546
437,0.36670838548185225,1.0,-0.07496143062670403,-0.3063227859316008,0.02072312619560668,-0.2866145696845318,0.05040295647790583,-0.06519537743551629
438,0.3692115143929913,0.0,-0.3952305446261163,-0.17962177559768588,-0.3380844139919749,-0.2383221119558617,-0.41634773542836223,-0.13580119940736254
439,0.3717146433041301,1.0,-0.2141738430591104,0.032575390091591494,-0.14534015431040326,-0.011767452585059068,-0.2424253419628727,0.10505185844205034
440,0.3742177722152691,-1.0,-0.4537048421792346,-0.054391908951703205,-0.2541668141571077,0.3674043949305843,-0.3291036840286783,0.39836904589771627
441,0.3767209011264079,-1.0,-0.233824628720662,0.03922892732291716,-0.14755116424180925,-0.013422779462376909,-0.2394708122316381,0.10513730428277633
442,0.3792240300375469,0.0,-0.2354550425719959,0.06861664626910312,-0.3709008332820261,0.2038499851329829,-0.4637157977556445,0.4036289516996927
443,0.3817271589486857,-1.0,-0.07275944040850058,0.259474029491904,0.03049112854039548,0.20210333032657868,-0.05723411847888449,0.33374867468097125
444,0.3842302878598247,0.0,-0.23563536531486384,0.030519828682310512,-0.1426713715118918,-0.02161727895184007,-0.24166894592716184,0.09101545294496273
445,0.3867334167709637,1.0,-0.6620620668941892,-0.5534083987291043,-0.5485923267051973,-0.6210371454423131,-0.6640781894037118,-0.33192464517869635
446,0.3892365456821025,-1.0,-0.550397448335662,-0.3889209085272047,-0.3692994038681989,-0.4618242951722185,-0.4692529038504868,-0.08586899162345807
447,0.3917396745932416,-1.0,-0.4190276051225661,-0.23643355315479744,-0.19533959652266603,-0.2960980398876487,-0.27429226795345185,0.2825237985775855
448,0.3942428035043804,-1.0,-0.4968542982497872,-0.371531490178876,-0.6435616580796424,-0.6285321295847209,-0.7465017396346492,-0.5311752103811974
449,0.39674593241551936,-1.0,-0.3081881880548609,-0.03655811850330037,-0.5579226247269597,-0.3332286362197712,-0.6642554592065288,-0.4297856192598476
450,0.4017521902377972,0.0,-0.5823571780434826,-0.4372302128430138,-0.6338916197459292,-0.4106675055818202,-0.7354036420364193,-0.5543822689113715
451,0.409261576971214,0.0,-0.6491331184726022,-0.4395078161494832,-0.7002037611723959,-0.7506785687890589,-0.795448486468279,-0.5689564688905631
452,0.4117647058823528,0.0,-0.5430338979790671,-0.10797060673594017,-0.4318967699393184,-0.4557657388834207,-0.506358685467314,-0.165981141649702
453,0.41426783479349183,1.0,-0.6621575512551603,-0.38311670099608175,-0.6284497391028661,-0.8474142982764381,-0.7707619646920989,-0.4275454067891051
454,0.4167709637046306,1.0,-0.5096746141946945,-0.19025348984561008,-0.4510815633086339,-0.7350086541835252,-0.5525871252116386,-0.3610419050494725
455,0.4192740926157696,-1.0,-0.3321081741385279,0.11674987095688195,-0.2467369188670037,-0.6135747771369002,-0.3371186039974177,-0.12719282055374415
456,0.4217772215269087,1.0,-0.6884846651061215,-0.510276807599354,-0.7169437613671188,-0.567956579718778,-0.8180869034208986,-0.29012034479873183
457,0.42428035043804746,1.0,-0.5075565845224836,-0.10094866786542467,-0.5989624505183537,-0.142348453704628,-0.7088761093559668,0.18275064888664794
458,0.4292866082603253,0.0,-0.4274711538017945,0.0017075351519970634,-0.47667835551606996,-0.05107853957513432,-0.5754089584964903,0.09863131325545504
459,0.4367959949937421,-1.0,-0.6279319717007354,-0.4666834855143295,-0.6184036867026017,-0.5399362619333421,-0.7417354341416001,-0.3350854412663041
460,0.4392991239048811,1.0,-0.4271593776163377,-0.011481874955572513,-0.4877158276439823,-0.034219097010734334,-0.6038533885712674,0.103217322795514
461,0.4418022528160199,-1.0,-0.4091297417440086,-0.7708697250825918,-0.6238587449413228,-0.3574241591288675,-0.6618097223210143,-0.7679118140390611
462,0.4493116395494368,-1.0,-0.5305770040273953,-0.22504752169925807,-0.4883519753298824,-0.5771780335144403,-0.7720108857651562,-0.29832831912918645
463,0.4543178973717146,-1.0,-0.6602651675111311,-0.3898961342849241,-0.7612960568323975,-0.5786368039104164,-0.8868256652778791,-0.185301216678474
464,0.4568210262828536,0.0,-0.4284179873214036,0.04685768013177505,-0.4806133319051072,-0.2326803110113292,-0.5847804414797741,0.2954154588489919
465,0.4593241551939924,0.0,-0.5659862960577933,-0.2381597280444913,-0.28368169421898703,-0.8319048293708549,-0.9256502530489634,-0.8921050453209272
466,0.4618272841051314,0.0,-0.4707625663453003,0.06536055895332947,-0.11148501047713566,-0.5557293111613828,-0.7771051489247194,-0.8153657983915932
467,0.4668335419274092,0.0,-0.5766360895718556,-0.5593127333663868,-0.6696770603819429,-0.5045064767202064,-0.7739992401044602,-0.20999802485343144
468,0.469336670838548,1.0,-0.4820458422150955,-0.4289250264473171,-0.5571152093191516,-0.26395011790937706,-0.6587773669045697,0.2611614549032861
469,0.47183979974968704,-1.0,-0.53571608192692,-0.11152713216488107,-0.6755585124189933,-0.7859029057250702,-0.7488380834187452,-0.2667769963862141
470,0.4743429286608261,1.0,-0.1447745343304866,0.40194144258090336,-0.5112078853149781,-0.5568439402406106,-0.5690246168025966,-0.038946000043227125
471,0.4768460575719649,-1.0,-0.20597609075282586,-0.3968341396078116,-0.280723476404509,-0.4735112849073298,-0.3393307434088153,-0.4716921686070524
472,0.4793491864831039,-1.0,-0.21355557200787467,-0.40539064646977374,0.07225839647908727,-0.22607458730226115,0.017514533683485878,-0.4672328118745312
473,0.4818523153942426,1.0,-0.4278096293394178,-0.1860724295447833,-0.5560823621683251,-0.8363320499373847,-0.8339176011011128,-0.6433049820484799
474,0.4843554443053817,0.0,-0.3519187921053414,0.0929373470639956,-0.29214844283680674,-0.6786748768367381,-0.7099443227505831,-0.5981229676741138
475,0.4893617021276595,-1.0,-0.6092391089181743,-0.5021156436230756,-0.6777072373635599,-0.5677879966714213,-0.8035667652023505,-0.3057533388801951
476,0.4918648310387985,0.0,-0.4261574223214445,-0.3359148758498247,-0.5315674320975584,-0.4083482020975092,-0.6770888410191733,-0.2470110953790967
477,0.4943679599499373,-1.0,-0.18719012056985296,-0.007858890379465633,-0.38032029529022426,-0.19536704493492096,-0.4726489666733666,-0.2029862884190025
478,0.4968710888610763,-1.0,-0.0670621424332628,0.04032421664411312,-0.2847916933698469,-0.7875027627570453,-0.3816720993764018,-0.5169845292022945
479,0.5018773466833542,0.0,-0.676367885283148,-0.4965924633302674,-0.4223932454594312,-0.6757665556819475,-0.6111214058460328,-0.5590732046785185
480,0.509386733416771,1.0,-0.7872714295187162,-0.5577252610168583,-0.5157100748503244,-0.7904319241188336,-0.8033394893251704,-0.38912516755234894
481,0.5118898623279098,1.0,-0.7010023935217777,-0.4275667430088418,-0.13524592321523576,-0.6722747267303297,-0.4437439077337931,-0.5142821607470537
482,0.5143929912390488,0.0,-0.5380568433039069,0.01905240681050735,-0.2632381976851226,-0.5024238677723896,-0.4998949585583615,0.2450152138337733
483,0.5168961201501876,0.0,-0.6894361273141292,-0.7511928863121363,-0.5109503290827679,-0.6964091031574304,-0.6948393576237221,-0.2932422368269514
484,0.5193992490613266,0.0,-0.5482229369692446,-0.3302975227562609,-0.284107032843097,-0.2713383994861276,-0.4670292880460838,0.3130138537888718
485,0.5219023779724656,1.0,-0.6550850477206689,-0.6636408802210251,-0.5929465051750372,-0.3428009345173305,-0.7273130855141485,-0.7060752878498125
486,0.5244055068836044,0.0,-0.4574650149245902,-0.4008472420523421,-0.3495419547414834,0.09523369155480843,-0.4561972764048968,-0.018250770965228424
487,0.5269086357947435,-1.0,-0.4729730151020013,-0.03999368057564934,-0.4722223959852566,-0.23838289590477324,-0.6439425250470776,0.08044187318525964
488,0.5294117647058822,0.0,-0.6254315965526888,-0.26292864663258786,-0.7208824853592395,-0.7295924917674272,-0.8515612462268669,-0.2999776255493429
489,0.5319148936170213,-1.0,-0.5597686538383235,-0.14594396542280375,-0.6442068420773442,-0.6110664269525515,-0.7532685681070229,-0.19810638990658724
490,0.5344180225281601,-1.0,-0.2577255010369284,0.21751103179910086,-0.3408839026975953,-0.4051009826574581,-0.5237326495843903,0.02667651820492556
491,0.5369211514392991,0.0,-0.4750541854796518,-0.07095377326854048,-0.6345380012938049,-0.9190554819042648,-0.7560981219653158,-0.4885946597296814
492,0.5394242803504381,-1.0,-0.18489090645827333,0.4689499414628804,-0.5471571526083914,-0.7986686571040023,-0.6616616445579162,0.030428951493960632
493,0.5419274092615769,0.0,-0.17962087472441268,-0.7099295277972266,-0.10382322067045392,0.4032682128952005,-0.20091680636634104,-0.4237142439055152
494,0.5444305381727159,1.0,-0.4282797067784661,-0.10994597951158158,-0.4449468055343189,0.04328527085712275,-0.5456922843193095,-0.3669052214946312
495,0.5469336670838547,0.0,-0.6206486355319231,-0.3438198232222648,-0.2768235804131679,-0.7384717419499292,-0.8443002931287572,-0.4122310628368153
496,0.5494367959949937,1.0,-0.4564185543820851,-0.0034437540550411594,0.07030639720208233,-0.40499145851014295,-0.4585610130544445,-0.5505618509765459
497,0.5519399249061325,-1.0,-0.6308451226221092,-0.23309091535775586,-0.4203983246497253,-0.7248886360683127,-0.5178748925845457,-0.485073243290369
498,0.5544430538172715,0.0,-0.5085958678873348,-0.05781459643185183,-0.017789345283112826,-0.6154617037892096,-0.09900191205623796,-0.3861427333090344
499,0.5569461827284106,1.0,-0.4451796338850068,-0.4097892949234899,-0.3311365189871559,0.011836334874435472,-0.4256020468962539,0.05494356518796062
500,0.5594493116395494,1.0,-0.7286371379508754,-0.7241926912897612,-0.2878598447527362,-0.4996258770783996,-0.5669708008674827,-0.7010511730316269
501,0.5619524405506884,-1.0,-0.5593912743319007,-0.497431817235938,0.2354125297569014,-0.09305173262257993,-0.20864988933258288,-0.7110063617441378
502,0.5644555694618272,1.0,-0.5976371442919713,-0.2010431205173896,-0.13213437725138374,-0.5424075979023344,-0.7379186646038229,-0.8235226071598547
503,0.5669586983729662,1.0,-0.43702717224735976,0.1150213858332554,0.1443245037963441,-0.21363317198530896,-0.5676836322129399,-0.6650726670520701
504,0.569461827284105,-1.0,-0.5875495955842862,0.15697861392030332,-0.6458778771025441,-0.2941772289516176,-0.7447628502916155,-0.23951428024499
505,0.571964956195244,1.0,-0.4321556129434787,0.4619209690471997,-0.4776200481666522,0.09516187910813144,-0.5729968430325949,0.2169990049178041
506,0.5744680851063829,1.0,-0.6152499758421195,-0.518372753355015,-0.4983530857284871,-0.6708448118179022,-0.5858132527395109,-0.32214641922467896
507,0.5769712140175218,-1.0,-0.3806233946117696,-0.03678436025856646,-0.3286722984079835,-0.450244245346438,-0.4004296477070149,-0.17345754305248273
508,0.5794743429286608,1.0,-0.7020565097328382,-0.33680910374622663,-0.7069539296914658,-0.2404589099815859,-0.8051151365208229,-0.31565115062366256
509,0.5819774718397996,-1.0,-0.5358674164132213,0.08042431701229336,-0.4993910040461479,0.1957109280959115,-0.5967452835954329,0.15607030099910402
510,0.5844806007509387,0.0,-0.5770542855747636,-0.5014143045654562,-0.6744656388666501,-0.6488176118830519,-0.7776133235980345,-0.18559402950525128
511,0.5869837296620775,0.0,-0.4151373908389285,-0.011859803909944677,-0.5011539137646189,-0.3909766291445181,-0.6170215275649019,0.2662483986950108
512,0.5894868585732165,-1.0,-0.6686616611561925,-0.735108070337501,-0.5826210500400695,-0.5056669250292812,-0.5779536664121806,-0.5313033404835593
513,0.5944931163954943,0.0,-0.4617415885296676,-0.4466651896662309,-0.1767854699097976,-0.07288841753875919,-0.14543378912439994,-0.28317579753278643
514,0.5969962453066333,1.0,-0.6563413250984779,-0.7283279752205973,-0.6790554737803496,0.03596443759445034,-0.7185370921489259,-0.8299076083189191
515,0.5994993742177721,1.0,-0.4939100408742521,-0.6151275674125232,-0.5737327962115486,0.2483362477936919,-0.6151281675588084,-0.6994811019646596
516,0.6020025031289111,-1.0,-0.15166509471651224,-0.3306660953406556,-0.3795463137234403,0.22837415141223216,-0.3739336552988972,-0.7060490311395458
517,0.6045056320400499,1.0,-0.5269258726978745,-0.5821992356482109,-0.5960701487222524,-0.6181572371453412,-0.6971729343062179,-0.4196437954590381
518,0.6070087609511889,0.0,-0.4243999351720499,-0.12066218140045905,-0.4868042256506567,-0.1496445906381424,-0.5909372922998869,0.08411498772512371
519,0.6095118898623281,-1.0,-0.7363682229951108,-0.5165936210508152,-0.5966267198018755,-0.4008525286765514,-0.6065206866861996,-0.549591660250755
520,0.6120150187734668,1.0,-0.6013606404161189,-0.3548758352207784,-0.47109857922049003,-0.24632561842701284,-0.4766295622294627,-0.3837826868358164
521,0.6145181476846058,-1.0,-0.46212737830033,-0.029469681787045232,-0.2849914755606834,0.08931669684369625,-0.2858377399591312,-0.14796834005966253
522,0.6170212765957446,-1.0,-0.5371573010780604,-0.4117159706587747,-0.5964157448561727,-0.6746015953700413,-0.7195935176723531,-0.19747187643267936
523,0.6195244055068836,-1.0,-0.3918349697365021,0.044201750889189866,-0.39556015289374935,-0.4725949144601394,-0.5234528946886393,0.04473169810772881
524,0.6220275344180224,0.0,-0.5880623690589103,-0.23278229586031665,-0.4958734946677156,-0.2832064663870699,-0.6178848037420989,0.13636225406453728
525,0.6245306633291614,-1.0,-0.6280068801059265,-0.2380526009900609,-0.6341596788945923,-0.6854136143178446,-0.7645792249258082,-0.36421258628286457
526,0.6270337922403004,-1.0,-0.4477385200191335,0.3992529632013526,-0.12264041502678467,-0.4384713164696069,-0.19879418181845632,-0.825511086158055
527,0.6320400500625782,0.0,-0.1160678180307264,-0.11533024223055675,-0.4027774318851658,-0.17287418409743638,-0.4378159138535067,-0.7233656491163437
528,0.634543178973717,0.0,-0.5871941652254551,-0.5916786517248679,-0.5939624983857196,-0.3800275116184546,-0.36963277029551467,-0.5739168492735849
529,0.6370463078848561,0.0,-0.2314904420302323,-0.4052036911909823,-0.4215734701039509,-0.18038924594058306,-0.18407851654195675,-0.35881739923690725
530,0.6395494367959949,0.0,0.2959379044275272,-0.2365982847166757,-0.3322047747564485,-0.6639943798120729,-0.7582850095592633,-0.3283308828727063
531,0.6445556946182729,1.0,-0.4728516215694682,-0.2370727073075659,-0.5139523312725569,-0.044436959588355585,-0.613815848691145,0.1713492448913978
532,0.6470588235294117,1.0,-0.6713011321932869,-0.491519587072904,-0.2264662337236221,-0.8551137921424012,-0.3561625132597278,-0.9253770494359024
533,0.6545682102628285,-1.0,-0.5329450748345996,-0.17825707012871614,-0.1929103694969594,-0.3494851868192585,-0.3697233875103193,-0.4802188567926683
534,0.6570713391739673,0.0,-0.5402505083580937,0.024701991173660787,-0.007391137871969765,-0.34687985735419136,-0.3650038143526304,-0.010415382838955932
535,0.6595744680851063,0.0,-0.7545770960946513,-0.4481312315258986,-0.6766358497880394,-0.6104424569529814,-0.8040655387852713,-0.3680194235141011
536,0.6620775969962454,1.0,-0.4960640606158357,-0.1238852276187592,-0.4181695334929856,-0.2955997334348923,-0.5151941009688595,-0.6028362512447676
537,0.6645807259073842,-1.0,-0.34358748640846026,0.19411370778741044,-0.3232929853201687,0.005316772651508428,-0.4158085453923641,-0.4677454161216795
538,0.6670838548185232,1.0,-0.5748860541985694,-0.4390500905512065,-0.5384691732121581,-0.1849026548131112,-0.6528748882580094,-0.6937935915972275
539,0.6720901126408011,1.0,-0.632371215000966,-0.6924931962032852,-0.5505411129306361,-0.4103573635458223,-0.6633994266318108,-0.8169987636743403
540,0.6745932415519398,-1.0,-0.542013945773006,-0.6007203289931324,-0.4864053853258383,-0.09317766258341333,-0.6149587540171312,-0.399023532790137
541,0.6795994993742178,-1.0,-0.6509981870114365,-0.11342672597773527,-0.5060326180518703,-0.7814322079542851,-0.8105136219721134,-0.3831798365859902
542,0.6821026282853566,1.0,-0.5031803200869353,0.2055022403523261,-0.4114982069262231,-0.6902743447796136,-0.7033139032645455,-0.27526268498036954
543,0.6846057571964956,1.0,-0.4189189420883226,0.5356170781082896,-0.2539081945137979,-0.4714190829330923,-0.5211064506466563,0.07893655392812815
544,0.6896120150187734,1.0,-0.260086323504215,0.15442129184374356,-0.3368516584833606,-0.3586339632482771,-0.43508426801245015,-0.4806643769834533
545,0.6946182728410513,0.0,-0.6247361548240231,-0.610013826005023,-0.27332339970135544,-0.6733665763802108,-0.5594664910673119,-0.7717143406811235
546,0.6971214017521903,1.0,-0.3909530874215396,-0.297838028844556,-0.6813138492895512,-0.022196917628862108,-0.5932749135083932,0.6048402710124199
547,0.7021276595744681,-1.0,-0.6544718559214091,-0.12043913935392905,-0.5861369473777012,-0.5052159840641839,-0.7092675962217734,-0.3028921333551803
548,0.7046307884856069,0.0,-0.5007345188652621,0.297629463371033,-0.4952721858994481,-0.0800867437651751,-0.6082354858620768,0.1586634913683671
549,0.7071339173967459,0.0,-0.4190737928295384,0.26484405233063923,-0.2429701453343428,-0.4704094560743756,-0.3205903688696552,-0.5052760343785281
550,0.7121401752190237,1.0,-0.32094038049998663,0.30055359608822285,-0.3157517278420051,-0.5238099192561021,-0.4225208159578351,-0.3999427202151755
551,0.7146433041301627,1.0,-0.6759639266724164,-0.13627855949425072,-0.422210549734349,-0.6669232299087582,-0.8060742023069676,-0.3386148901509022
552,0.7171464330413015,1.0,-0.4989489897501322,0.3027650073233359,-0.14964737392189364,-0.4521731861932631,-0.522640436086871,-0.2425308927369958
553,0.7196495619524406,-1.0,-0.2704394226016208,0.16051162258355345,-0.19285581326048507,-0.6717949679835782,-0.26487950252869275,-0.418138169269185
554,0.7221526908635794,0.0,-0.4618069904002193,-0.13920148681208855,-0.5918334027317597,-0.7137472763719399,-0.7137415389380357,-0.361064008471948
555,0.7246558197747184,1.0,-0.2364942376240837,0.2684908256429872,-0.3700976451321744,-0.4920634699655412,-0.4772789131926718,-0.1260070141989702
556,0.7296620775969962,1.0,-0.16691163260258335,-0.34906140483578185,-0.11417586526116652,-0.5141548288331986,-0.2768552830660238,-0.123642786672865
557,0.7371714643304129,1.0,-0.6085670164860953,-0.35327546390168607,-0.6032084838624537,-0.618665535200969,-0.7057807784021666,-0.6011170689240786
558,0.7471839799749687,0.0,-0.3531641849881242,-0.381064478319706,-0.4482458163500465,0.3593642251139959,-0.18439771460635807,0.0789483718640871
559,0.7496871088861077,0.0,-0.3066277840842361,-0.07816639889971001,0.09694631547716503,-0.1112515494043642,-0.4904232985984472,0.17784157841195336
560,0.7521902377972465,1.0,-0.2974486552673933,0.350835277359876,-0.2461261562046045,-0.30550632491026586,-0.32882670375343515,0.2088921358118847
561,0.7546933667083855,0.0,-0.299395877689718,-0.07460510563444045,-0.3894950423957653,-0.12369087490990505,0.04825760088211317,0.2237901876820592
562,0.7596996245306633,0.0,-0.3821959213573301,0.01810493200992469,-0.3303363993119921,0.08686300362249222,-0.3362490459137184,0.3547405631200786
563,0.7622027534418021,1.0,-0.4004890571283468,0.1872519384266178,-0.4050068761521757,0.2603147643406836,-0.4216366194366485,0.24045088571098616
564,0.7647058823529411,0.0,-0.3843026109255096,0.08256359429597547,-0.4197351015975054,0.4692338294031979,-0.4054531971642397,0.10779846368644552
565,0.7672090112640801,0.0,-0.24019107993063,0.2409445974750761,-0.14050669255216952,0.5352488166187279,-0.04088263719733587,-0.007249883584165452
566,0.7697121401752189,1.0,-0.2274681281739453,0.5671841352602744,0.025759506168536502,0.19066624402772936,-0.21935908723015066,-0.00866128967589308
567,0.772215269086358,1.0,-0.3103992299629993,0.294731481454932,-0.24507061836370106,0.15547339978127514,-0.4078059877638184,0.110306702864291
568,0.7747183979974968,-1.0,-0.3163460919812889,0.5204045520962153,-0.2466759687742993,0.03184289142373786,-0.41787799794461056,-0.003313069270858948
569,0.7772215269086358,1.0,-0.03857309169189671,0.3562489675688465,-0.22536209304139496,0.3038259342735301,-0.3361301950825767,0.02319162830533261
570,0.7847309136420526,0.0,-0.28404946254704144,-0.26904623422826823,-0.2423005593482048,0.3079360846975865,-0.3258530408106418,0.1930730834597154
571,0.7872340425531914,-1.0,-0.3060193299244388,-0.274280431695172,-0.2180938205248475,0.2980579568438164,-0.3450931614940098,0.2082103740060195
572,0.7897371714643304,0.0,-0.2314571784988483,-0.2291401807618143,-0.35916337006184273,0.2891203867280885,0.03869876467492417,-0.016055989826103012
573,0.7922403003754692,1.0,-0.23056362778999195,0.34567349435950234,-0.2507172870898803,-0.29494617928870626,-0.4720504872643556,0.4298719753779192
574,0.7947434292866082,1.0,-0.4620377485445061,0.2477764658585661,-0.2028713158814861,0.20609328654279002,-0.2825059675773243,0.09380643579933157
575,0.7997496871088859,0.0,-0.5271826982967218,-0.21321849152356065,-0.1971361014745752,-0.5046388829084032,-0.6335284281835281,-0.3816000583858854
576,0.8022528160200251,1.0,-0.3065688299236031,0.0999276746752138,0.04837011185846163,-0.29213224057413856,-0.4563599632607958,-0.3211746024653742
577,0.8047559449311639,0.0,-0.7033694397644028,-0.5481991760913174,-0.6819700344873093,-0.4364136086787611,-0.612692261966678,-0.3508399539524805
578,0.8072590738423029,0.0,-0.5580650073557628,-0.3953525344318526,-0.5220952185885417,-0.11473156362923098,-0.5037356674048333,-0.2358305242480403
579,0.8097622027534417,-1.0,-0.4235077899315237,-0.2870882346189229,-0.4065301369066542,0.10804123625206953,-0.2254220410790703,0.1637763013233493
580,0.8122653316645807,0.0,-0.6788771093514872,-0.4309643782729681,-0.6844019396646297,-0.4375787022156303,-0.7634981965813783,-0.22408823631069952
581,0.8147684605757195,-1.0,-0.5983319768468702,-0.35301998971873394,-0.5578613162984021,-0.1935920327975965,-0.6538682564985167,0.054680752062322265
582,0.8172715894868585,1.0,-0.4587180847872296,-0.013739410834882726,-0.4520816194235941,-0.0036849325016785617,-0.5034433952440135,0.3455416923010555
583,0.8197747183979975,0.0,-0.7190237517814226,-0.6540546891271706,-0.7043132865143036,-0.7391894328024384,-0.8394807460559722,-0.3860591722859814
584,0.8247809762202754,-1.0,-0.6607881675732235,-0.5073208509962287,-0.6643042233009986,-0.6762375418117706,-0.8156452612292553,-0.3404296677076811
585,0.8272841051314141,0.0,-0.5231064058972392,-0.2651420125150319,-0.5688182068661368,-0.5096085473646089,-0.6931360849138354,-0.0950471563152041
586,0.8322903629536921,0.0,-0.7207646965852583,-0.6656153370512862,-0.6816211532123335,-0.8281503362014111,-0.9311332772969928,-0.6336471149694437
587,0.8372966207759699,1.0,-0.3782607495625576,-0.4824028976127043,-0.5745389987627216,-0.1372182327962389,-0.7002694825730194,-0.0394241779304072
588,0.8448060075093866,1.0,-0.6709755657922727,-0.6242514011293149,-0.6865117701932383,-0.4312034868741115,-0.4317407625816716,-0.5610756048344773
589,0.8473091364205256,1.0,-0.5966089592594377,-0.5584801485664117,-0.6009549172567565,-0.2801858028132065,-0.2587615907851435,-0.4628795120246163
590,0.8498122653316644,-1.0,-0.41912720901465,-0.35197453973497816,-0.4442893145854325,0.13874419324510054,0.2811288065680431,-0.1897325796494006
591,0.8523153942428034,-1.0,-0.4826031098939248,-0.3247856696029736,-0.6027901706009926,-0.42443160210517095,-0.6287560468162205,-0.4497187776495719
592,0.8598247809762203,1.0,-0.2705629025386381,0.27449050095712524,-0.33932177162601906,-0.3394196062233018,-0.5013916268406016,-0.3904107856093861
593,0.8623279098873591,1.0,-0.4164604022333505,-0.18302019026936733,-0.512388251083975,-0.4102952675304536,-0.3175724727201402,0.12048189353034645
594,0.8648310387984981,-1.0,-0.5186274630099315,-0.5331748558026604,-0.5604786636692818,-0.4348632552871543,-0.6213821327333023,-0.276717145267357
595,0.8673341677096369,0.0,-0.4366037845823733,-0.5397026970849287,-0.3618305323346696,-0.2131913877116446,-0.4110786142061521,0.14464627272218578
596,0.8698372966207759,0.0,-0.4221415190684267,-0.5159802450029224,-0.3655920417463648,-0.22684111820470146,-0.4180900182927084,0.14504649389083668
597,0.8723404255319149,-1.0,-0.6662907731964107,-0.18358944961655704,-0.15113966670475246,-0.7418874823032866,-0.8441983204749208,-0.7205781434304802
598,0.8773466833541927,0.0,-0.5520057659926645,0.5880367125675214,-0.5963396359903501,0.5271355236911275,-0.7131871168331854,-0.3886502396448988
599,0.8798498122653315,-1.0,-0.5385725753394408,-0.5031512395206093,0.285348229781766,-0.5569866393637979,0.2410324202829257,-0.36784072414010704
600,0.8848560700876094,0.0,-0.2084606261460417,-0.2681766289323965,-0.4032226462218165,-0.03896336379530197,-0.3385411610805995,-0.7217897749348823
601,0.8898623279098874,0.0,-0.36964764496307934,-0.1774037016445711,-0.2840699226244211,-0.17370432847923112,-0.4531828360921975,-0.21281708649731368
602,0.8923654568210262,0.0,-0.6022711687458308,-0.4571878951837756,-0.5705385552755357,-0.7041460287117409,-0.7499821229048199,-0.5379793751077432
603,0.8948685857321652,1.0,-0.3271260200082693,-0.04916701302886562,-0.2523667453295681,-0.3688656079321753,-0.4732217885532473,-0.19365777208751772
604,0.897371714643304,1.0,-0.6848424443440757,-0.4871590947458768,-0.4514929220386287,-0.6600022508674899,-0.6528265432899973,-0.4775489757483592
605,0.899874843554443,0.0,-0.4527315114543381,0.08765160737464472,-0.016138451737258697,-0.5332634345529537,-0.3745848238182835,-0.2595610273312825
606,0.9023779724655818,-1.0,-0.6123271995288684,-0.401454852035604,-0.5040705209966,-0.4562860638364754,-0.6201001426215094,-0.6957761967994649
607,0.9048811013767208,-1.0,-0.5047389268443033,-0.24700921954602265,-0.2521854230853906,-0.05928699048004149,-0.009622406237387748,-0.5475793400308689
608,0.9073842302878601,-1.0,-0.6230486390320613,-0.4545954149516327,-0.4879214392702402,-0.47515548876789504,-0.5982953879794143,-0.5404572141644935
609,0.9098873591989988,0.0,-0.4657617197426906,-0.2469934362424053,-0.24990985847560354,0.2035267067876396,-0.3472856458504677,-0.3954706905369585
610,0.9123904881101376,1.0,-0.6651874317631759,-0.6248204923277318,-0.7550196120999537,-0.4270418435005713,-0.7743551159496673,-0.2431307014224504
611,0.9148936170212764,1.0,-0.5245242919367847,-0.4543470977612294,-0.5656817553502299,0.07317054611356921,-0.2973840417609133,0.2145781269442508
612,0.9198998748435544,1.0,-0.3651696410706844,0.23667035071519504,0.013484997822032607,-0.3512074695629487,-0.6249253995060661,-0.2155258120495344
613,0.9224030037546932,0.0,-0.4106286967102918,-0.3884027771222265,-0.5970134528798905,-0.3739709291677449,-0.5881104916959329,-0.5093226226882778
614,0.9249061326658324,-1.0,-0.0486464677967452,-0.22221142807822547,-0.3988771176549408,-0.02449327318105632,-0.32051803419471736,-0.3995297056512742
615,0.92991239048811,0.0,-0.39954774236303503,-0.041180137371438996,-0.3722813408821885,-0.29793857280533603,-0.5896071375889667,0.3341103194469324
616,0.9324155193992488,-1.0,-0.5003361659671834,-0.4114558141817576,-0.5275541949618248,-0.21691130475888493,-0.5465003932464357,0.1101061732498494
617,0.9349186483103878,0.0,-0.6310836260439551,-0.504840268090965,0.29419816683600103,-0.5691744806185882,0.25552888731428136,-0.48286878111023
618,0.937421777221527,-1.0,-0.6627896027874459,-0.518080079051096,-0.7263005717822277,-0.5170085195578669,-0.4799537634909386,-0.5874838361348791
619,0.9399249061326658,1.0,-0.4756278655628721,-0.2307623351412305,-0.5582377523482783,-0.208015664576505,-0.1022111913510253,-0.3650933245276548
620,0.9449311639549436,0.0,-0.5694801365146986,-0.17273078514639595,-0.2358579247404957,-0.2292074629341183,-0.3618189291130757,-0.18285614359870828
621,0.9499374217772214,1.0,-0.3512864314532942,0.14363676857074115,-0.3461383077447654,-0.3899743026116802,-0.39411449926362097,-0.4122470484083135
622,0.9524405506883604,1.0,-0.6275838298163382,-0.3290541798729375,-0.4055480772772333,-0.6377087884146411,-0.6609152401783915,-0.4622745117234886
623,0.9549436795994994,0.0,-0.6639141662755114,-0.3204094339844853,-0.4151975795905639,-0.6177146638920845,-0.6401545133206831,-0.4191869493226957
624,0.9574468085106382,0.0,-0.5985165556026313,-0.3468138700811316,-0.4155126891074831,-0.6191213410897182,-0.6566873393438287,-0.5278107764343444
625,0.9624530663329158,0.0,-0.4991032082497669,-0.06910076206746496,0.04062649529489271,-0.4779502241021178,-0.4582212456339406,-0.101451136190999
626,0.9649561952440552,1.0,-0.590572596173273,-0.12831858633282306,0.04693813668491775,-0.4880715201302877,-0.4666979517115496,0.10134390431259344
627,0.9674593241551942,0.0,-0.4260506206093369,-0.003040556625604207,0.04112235208461157,-0.4732926686131006,-0.4805600038482791,-0.26013570902159466
628,0.9699624530663328,-1.0,-0.3621485882478702,0.026514456218025503,0.06601810616518122,-0.4690279436392194,-0.4733505825978736,-0.4301602256796867
629,0.972465581977472,1.0,-0.5940208792364713,-0.2893180729981917,-0.27239625261624445,-0.7332046346412924,-0.8455886812488531,-0.7155784231397708
630,0.9774718397997496,1.0,-0.7016346516367227,-0.7177975455002048,-0.7292750111552755,-0.623971843195239,-0.7850346332570248,-0.43348672731088456
631,0.9799749687108884,0.0,-0.3459932432700433,-0.2812719876948627,-0.3407706464754915,-0.05919178235340095,-0.43113054483571067,0.3524879868761629
632,0.9824780976220276,-1.0,-0.009291929907361052,0.3729227475939085,-0.19180156935553386,0.32956994536748696,-0.26030005518502364,0.075312672092678
633,0.9849812265331664,-1.0,-0.012676359433536177,0.3659601376494028,-0.20106890424091084,0.32284926254233226,-0.25535286576761085,0.10165023424444032
634,0.9874843554443054,0.0,-0.16879019787982752,0.05232592346561038,0.03370919983956777,-0.23575039954802,-0.2717905909652403,0.03327340465426687
635,0.9899874843554444,0.0,-0.6183302382834748,0.016057027524197576,0.3015795437801758,-0.026946065622153403,0.2259619377463313,-0.4765845753438937
636,0.9924906132665832,-1.0,-0.622150485812274,0.6830069669656966,-0.056390441319801865,0.6426093604675049,-0.14092754877650715,0.2266313467385493
637,0.9949937421777222,-1.0,-0.3871220631497618,0.1479494481046577,-0.4935250744447527,0.5205535595914474,0.043326177296184376,-0.2346649635740734
638,0.997496871088861,0.0,-0.3904116110671415,0.6782009676210674,-0.4897554160082057,0.7406590384718752,0.050392145575239855,-0.12804846240906675
639,1.0,1.0,-0.37862787597039216,0.14803840378832334,0.03240744609526368,0.3259252231234353,-0.3255596055614989,-0.2299632894525561
